"","participant","trial","condition_nums","time_through_maze","max_force","path_length","haptic","visual","map","average_velocity","average_force"
"1","26","P26_1","1",20.2,2.06696086343956,17.7504772744071,"1","1",10,0.878237751866455,0.905433089143934
"2","26","P26_10","2",139.64,2.82842712474619,43.7574030581454,"1","0",3,0.316157637762189,0.634981270577957
"3","26","P26_11","3",25.3,2.82842712474619,28.3799372409061,"0","1",3,1.12134635826885,1.41678807967267
"4","26","P26_12","1",40.71,2.3236684030599,29.0383810860315,"1","1",3,0.712204599356168,1.01812588759077
"5","26","P26_13","2",116.04,2.82842712474619,54.3670643988016,"1","0",5,0.657783965638991,1.21246616930768
"6","26","P26_14","4",28.88,2.09482515361451,30.0360698059854,"0","0",5,1.02470361016277,1.66477616125874
"7","26","P26_15","1",20.02,2.12670216268915,19.574294634322,"1","1",5,0.977028662122494,1.1548179720447
"8","26","P26_16","3",15.33,2.33240092193186,19.1435301544559,"0","1",5,1.24797496341775,1.73120219335522
"9","26","P26_17","4",56.56,2.82842712474619,20.2364556930845,"0","0",6,0.357826098124979,2.00229646890985
"10","26","P26_18","1",20.9,2.26290495359087,19.0583007595477,"1","1",6,0.911494770299637,0.929700932972955
"11","26","P26_19","3",15.64,2.82842712474619,19.2275177564577,"0","1",6,1.22872983080238,1.66886895990455
"12","26","P26_2","2",232.3,2.82842712474619,45.888749222696,"1","0",10,0.528174618699906,1.66885324978936
"13","26","P26_21","1",19.58,2.04811761936998,18.2478034868415,"1","1",7,0.931491634775424,0.834158738129787
"14","26","P26_22","2",108.43,2.82842712474619,33.7579578659753,"1","0",7,0.342530104557358,1.47856358388469
"15","26","P26_23","3",21.66,2.82842712474619,18.2559909765884,"0","1",7,1.23017601823808,1.47505557636146
"16","26","P26_24","4",44.15,2.82842712474619,33.8566923462096,"0","0",7,0.742770967530566,1.63926715676223
"17","26","P26_25","2",141.11,2.82842712474619,31.5435607119517,"1","0",8,0.808620088356728,0.89251222859257
"18","26","P26_26","1",28.38,2.06517711244609,18.0285565037577,"1","1",8,0.634176442597341,0.793433205067386
"19","26","P26_27","4",22.55,2.1607939881701,21.5003192232884,"0","0",8,0.94473384886637,1.32378030805997
"20","26","P26_28","3",16.1,2.31894326368438,18.6478901785469,"0","1",8,1.1576424449918,1.64315392437968
"21","26","P26_29","3",16.42,2.82842712474619,18.4524782853866,"0","1",9,1.12315751151907,1.55951717964715
"22","26","P26_3","3",16.18,2.30523981879941,18.7239974393306,"0","1",10,1.15656114507818,1.53331710312952
"23","26","P26_30","2",221.89,2.82842712474619,36.0284978693405,"1","0",9,0.317695268542422,0.807626384619932
"24","26","P26_31","1",26.21,2.82842712474619,18.2127273925367,"1","1",9,0.694192748451098,1.0640579381881
"25","26","P26_32","4",49.64,2.82842712474619,37.4811199052899,"0","0",9,0.744226541837603,1.34219977295949
"26","26","P26_5","4",152.6,2.82842712474619,58.8216450267374,"0","0",11,1.36026354318402,2.26745695079278
"27","26","P26_6","2",178.73,2.82842712474619,37.0068794628683,"1","0",11,0.944869901148898,1.65093900104988
"28","26","P26_7","1",33.44,2.82842712474619,23.5852418494091,"1","1",11,0.70485199029898,1.04558433952535
"29","26","P26_8","3",19.24,2.4008308573943,22.4052954281307,"0","1",11,1.16404660166229,1.35947321076396
"30","26","P26_9","4",44.71,2.41363689497776,44.8714107236214,"0","0",3,1.00316709651194,1.41028075500225
"31","28","P28_1","2",62.64,2.49796545497177,23.6703498370593,"1","0",10,0.40331933668827,0.625146788105307
"32","28","P28_10","1",45.75,0.952789909701649,27.9639285153721,"1","1",3,0.611076318469243,0.342281146169742
"33","28","P28_11","3",41.88,1.32361448138088,28.6657773512181,"0","1",3,0.684353489567354,0.407271585224855
"34","28","P28_12","2",69.24,2.06585336697929,34.6346642857329,"1","0",3,0.53879570857358,0.413738127151979
"35","28","P28_13","1",30.14,0.702272990573031,19.2201237044772,"1","1",5,0.637509468419065,0.284063015984781
"36","28","P28_14","4",34.19,1.04959929390222,21.8104762619337,"0","0",5,0.635889028488188,0.418758484611051
"37","28","P28_15","2",44.62,1.85360017052011,21.0617501771462,"1","0",5,0.47017149542652,0.453682104811205
"38","28","P28_16","3",23.83,1.45021355943461,19.1103241904041,"0","1",5,0.801639357000437,0.359142367086652
"39","28","P28_18","2",36.66,2.69193625368876,20.3449150454511,"1","0",6,0.55364557617013,0.506237384741884
"40","28","P28_19","3",30.28,0.96219635519931,18.9118445796681,"0","1",6,0.62435637238955,0.280996687753338
"41","28","P28_2","1",26.46,0.79676869868876,18.2373638112477,"1","1",10,0.689014755173264,0.303529941489742
"42","28","P28_20","1",29.35,0.485979655560197,19.174138275811,"1","1",6,0.65306608710212,0.286262992462539
"43","28","P28_21","2",130.49,2.82842712474619,29.2617055524521,"1","0",7,0.26324028418098,1.0780718253755
"44","28","P28_22","1",30.49,0.830489588437944,18.1954584770428,"1","1",7,0.59659200119258,0.27388205880792
"45","28","P28_23","3",27.69,0.709438620463148,17.7331327848183,"0","1",7,0.64023708478362,0.296860596491494
"46","28","P28_24","4",28.95,2.00566634546945,17.9924007311723,"0","0",7,0.621336373378304,0.265011729744939
"47","28","P28_25","1",26.64,1.11682826397216,17.9069040824934,"1","1",8,0.67193135977053,0.354241479566574
"48","28","P28_26","2",2.13,0.575683836675343,0.655611117527041,"1","0",8,0.305616189241997,0.50876339154327
"49","28","P28_27","4",42.89,0.680131786610013,18.2937358008298,"0","0",8,0.426306748801423,0.179720287840138
"50","28","P28_28","3",22.3,1.22458952588213,17.0864759121279,"0","1",8,0.765962681122194,0.45108471431252
"51","28","P28_29","3",23.17,2,18.1251913800166,"0","1",9,0.78195837287017,0.600406312072634
"52","28","P28_3","3",26.26,0.926538546461044,18.0756921627427,"0","1",10,0.688137001746715,0.295161198717131
"53","28","P28_30","1",30.8,2.61868772497427,19.2324765575969,"1","1",9,0.623161998455681,0.905849363829248
"54","28","P28_31","2",10.69,2.00111875405726,1.5769824390867,"1","0",9,0.143616915397279,0.62509932137489
"55","28","P28_32","4",37.7,2.00546706031375,22.3413125872783,"0","0",9,0.583750744394046,0.459330260840764
"56","28","P28_4","4",35.47,1.09958239061195,22.1773910806201,"0","0",10,0.624687055571714,0.38600123645578
"57","28","P28_5","4",41.27,0.823253123034475,23.2239773634194,"0","0",11,0.56260203964312,0.258649106828131
"58","28","P28_6","1",36.05,1.0315687643751,23.8160052370068,"1","1",11,0.660439903772743,0.306683556160429
"59","28","P28_7","2",123.32,2.42510046333564,34.3685660318806,"1","0",11,0.356548389032875,0.729033111878992
"60","28","P28_8","3",32.2,0.972995452129339,23.2907057392415,"0","1",11,0.723143429128511,0.365908631242443
"61","28","P28_9","4",50.58,1.52524594125891,30.1063176013207,"0","0",3,0.592233140133583,0.327880846140005
"62","29","P29_1","3",24,2,19.1580358299038,"0","1",10,0.797954202130965,0.877251264299141
"63","29","P29_10","1",40.65,0.941092469418556,28.8035027065222,"1","1",3,0.708402428663456,0.446177590697006
"64","29","P29_11","2",158.05,1.13684438070597,32.1148507828098,"1","0",3,0.229327957675337,0.183136092003375
"65","29","P29_12","3",34.85,2.1158775775089,29.9057688114329,"0","1",3,0.857881876687339,0.944229793982506
"66","29","P29_13","1",30.72,0.62964006592949,19.4849083401536,"1","1",5,0.634066793468606,0.279990140015542
"67","29","P29_14","4",29.15,0.607989415023093,19.0590089192851,"0","0",5,0.653626950759,0.273317598268238
"68","29","P29_15","3",19.94,1.48642673248715,19.4553471710792,"0","1",5,0.975255891281375,1.00667725363055
"69","29","P29_16","2",75.06,1.40492587233605,19.5606459252977,"1","0",5,0.261221006467123,0.111817105033662
"70","29","P29_17","4",31.05,0.875709849940747,20.7114437587973,"0","0",6,0.666848956478613,0.300657287539881
"71","29","P29_18","3",22.61,2,19.8058796002428,"0","1",6,0.872910855519459,1.12918465490618
"72","29","P29_19","2",90.4,1.09450198505038,22.3018685047597,"1","0",6,0.278023466203871,0.163406148146642
"73","29","P29_2","1",26.79,1.28084878750451,18.1953470680217,"1","1",10,0.678935699599339,0.440287607787853
"74","29","P29_20","1",27.4,0.958741048074684,19.2820604546386,"1","1",6,0.703514596709181,0.435410804631431
"75","29","P29_21","3",23.34,1.8380481324136,18.7241208623415,"0","1",7,0.801966562359534,0.715303515258618
"76","29","P29_22","1",29.56,0.674282643381076,19.3126569429964,"1","1",7,0.653142497876788,0.379804416612651
"77","29","P29_23","2",154.18,1.7250578730691,27.2734667823756,"1","0",7,0.197493704025959,0.165291694125439
"78","29","P29_24","4",97.43,2.82842712474619,20.6438964436323,"0","0",7,0.203929006855332,1.90020830857795
"79","29","P29_25","1",30.53,1.05193376556062,17.9696348129508,"1","1",8,0.588415106589347,0.325580736693421
"80","29","P29_26","3",23.64,1.82963498165642,19.42502237887,"0","1",8,0.821388029959702,0.782277588938103
"81","29","P29_27","4",49.98,1.64222259226885,32.6792315819157,"0","0",8,0.647352027550629,0.499904561407026
"82","29","P29_28","2",150.51,2.00000532774061,25.753732945111,"1","0",8,0.171115490772561,0.217030261103085
"83","29","P29_29","2",103.83,1.5099784474652,22.1527897430312,"1","0",9,0.303661185330379,0.305441336557449
"84","29","P29_3","2",150.63,1.98682924746795,25.1514996812135,"1","0",10,0.191937388628904,0.261133718324549
"85","29","P29_30","1",29.66,0.81996917680842,19.1653156436866,"1","1",9,0.645927945600462,0.414226416643152
"86","29","P29_31","3",30.66,2.00112276374268,19.5257471014485,"0","1",9,0.636670026312905,0.507875818112007
"87","29","P29_32","4",47.26,2.00558999728445,26.6107721796815,"0","0",9,0.557635270084758,0.380334796091274
"88","29","P29_4","4",63.74,1.47099505713285,26.7547160825341,"0","0",10,0.414178050329182,0.208757355405353
"89","29","P29_5","4",55.37,1.06262933406205,26.8119161937061,"0","0",11,0.481897124672584,0.284512124190299
"90","29","P29_6","1",32.98,1.29377985687181,23.1941822109203,"1","1",11,0.703100355099495,0.428249308620677
"91","29","P29_7","3",30.67,1.85268604120318,24.7692217058575,"0","1",11,0.807354036034305,0.933203567539147
"92","29","P29_8","2",133.97,1.97465926240341,27.4677793719368,"1","0",11,0.329504694370138,0.329860015028891
"93","30","P30_10","3",34.01,1.13869982222892,27.9347391956073,"0","1",3,0.821145964067175,0.645306746392257
"94","30","P30_11","1",36.17,2.00034629990962,27.0264019934497,"1","1",3,0.746653460387174,0.56995778386479
"95","30","P30_12","2",104.45,2.47812473347802,34.7242767857669,"1","0",3,0.380689463722246,0.54362246805577
"96","30","P30_13","3",21.57,2.00119111582445,18.6383568560143,"0","1",5,0.86386188037304,0.687831949230507
"97","30","P30_14","4",24.1,1.73499038613591,21.2900356108362,"0","0",5,0.88311483015996,0.722195861254575
"98","30","P30_15","2",79.85,2.23256852680975,25.5863016066501,"1","0",5,0.313174178508647,0.408374338532876
"99","30","P30_16","1",24.42,2.0690045251064,19.4982046225062,"1","1",5,0.797468745188669,0.631488062058923
"100","30","P30_17","4",37.96,0.72988199050301,19.9930609405275,"0","0",6,0.526534526866996,0.28994667890202
"101","30","P30_18","2",51.56,2.49270854091702,24.9348744576245,"1","0",6,0.614114745501683,0.447651898385033
"102","30","P30_19","1",24.68,1.10281506859179,18.250613759191,"1","1",6,0.739197105971766,0.435012130460848
"103","30","P30_2","3",19.37,2.00372163943017,18.7980290703669,"0","1",10,0.970012281291912,1.05412148788448
"104","30","P30_20","3",21.48,1.50753623358624,18.4968802032368,"0","1",6,0.860737002668486,0.536662451150338
"105","30","P30_21","2",105.04,2.82842712474619,26.9833937118925,"1","0",7,0.318296643987094,0.625073054577332
"106","30","P30_22","3",20.02,1.9124196794506,17.3334692272066,"0","1",7,0.865416167655344,0.738151781960128
"107","30","P30_23","1",23.83,2.02811938084696,17.5823116057887,"1","1",7,0.737085136770519,0.559397872144946
"108","30","P30_24","4",30.87,1.2248952135672,20.1072984704027,"0","0",7,0.651176015991322,0.404245269745574
"109","30","P30_25","3",19.99,2.01546220710763,17.121651480577,"0","1",8,0.856130055127739,0.49669226551961
"110","30","P30_26","2",149.27,2.59268098471212,30.9212107861773,"1","0",8,0.299089995580805,0.414688119543943
"111","30","P30_27","4",33.29,0.695464614312721,20.4099530613771,"0","0",8,0.612915718862199,0.321729793902391
"112","30","P30_28","1",21.82,1.08951727212407,18.0950103489574,"1","1",8,0.828967727102093,0.457279582950436
"113","30","P30_29","1",25.4,1.21054019445816,17.6419428259189,"1","1",9,0.694294263809154,0.392768893944144
"114","30","P30_3","1",23.37,1.1891888861917,17.5330750067336,"1","1",10,0.749859852352487,0.482915058069545
"115","30","P30_30","3",28.75,0.867736294948219,18.1733639127532,"0","1",9,0.631911365236711,0.364745822747288
"116","30","P30_32","4",140.36,2.82842712474619,31.6258356651239,"0","0",9,0.226365802962322,1.42361480601617
"117","30","P30_4","4",27.68,1.28828616652463,19.0791969852309,"0","0",10,0.689124002798055,0.372559236184836
"118","30","P30_6","3",24.27,2.09092815373288,22.3006335472346,"0","1",11,0.918518456963533,0.774969667347577
"119","30","P30_7","2",146.23,2.82842712474619,44.1716689206198,"1","0",11,0.343569499111865,0.508273253092453
"120","30","P30_8","1",34.32,1.73049129473495,22.6909288616906,"1","1",11,0.660489901551744,0.466035313862627
"121","30","P30_9","4",46.53,1.11020111937195,31.1444346502321,"0","0",3,0.669211168102058,0.432161914499352
"122","31","P31_1","3",21.71,2.05596736054418,18.1210961900028,"0","1",10,0.834474755867601,0.77671293458366
"123","31","P31_10","2",79.84,2.03693757235831,33.8256957447319,"1","0",3,0.415556281664845,0.507237844929055
"124","31","P31_11","1",37.49,1.27156607479656,29.0442165440385,"1","1",3,0.774460362715214,0.529183832156725
"125","31","P31_12","3",36.41,1.61061390652869,28.2535765506639,"0","1",3,0.775793467367437,0.670356257246041
"126","31","P31_13","2",72.95,2.31786059127342,23.8924193472957,"1","0",5,0.463452854201764,0.616902680962168
"127","31","P31_14","4",24.07,2.01856848568258,19.8255375143349,"0","0",5,0.82268709419615,0.816156475111697
"128","31","P31_15","3",22.41,1.91725146460727,19.3334996054212,"0","1",5,0.862447544521469,0.798354254401507
"129","31","P31_16","1",28.04,2.00064390475338,19.3299739191312,"1","1",5,0.754780494544859,0.471354893907516
"130","31","P31_17","4",17.41,2.00585442821221,19.2250792763964,"0","0",6,1.10356666752729,1.00051297660285
"131","31","P31_18","3",29.48,1.53970310288585,19.9738585472648,"0","1",6,0.676532362012458,0.467028157639852
"132","31","P31_19","1",23.85,1.66039871564718,20.068896937805,"1","1",6,0.841120753283231,0.611313213017441
"133","31","P31_2","2",106.62,2.13620623295641,25.0087260486342,"1","0",10,0.376698134883957,0.569053663251557
"134","31","P31_20","2",55.53,2.05935478639235,20.6309089250986,"1","0",6,0.410025224987189,0.634286160619497
"135","31","P31_21","3",26.17,1.4626951271203,19.3391501965264,"0","1",7,0.738782120696744,0.609046164118339
"136","31","P31_22","2",73.58,2.36505100207879,29.9423050347054,"1","0",7,0.505999212165561,0.589242815117107
"137","31","P31_23","1",25.77,0.834353139534963,17.6119407986851,"1","1",7,0.683205794960986,0.41416339785564
"138","31","P31_24","4",18.62,2.33245406533765,18.790386743357,"0","0",7,1.00866668154053,1.19909729470462
"139","31","P31_25","2",49.66,2.01252379654068,21.571637812281,"1","0",8,0.531226208251963,0.426218690104569
"140","31","P31_26","3",20.35,2.0163976184634,18.5818210278444,"0","1",8,0.912729350173054,0.893499586526907
"141","31","P31_27","4",38.2,2.00717970830356,30.3082981197178,"0","0",8,0.780647630092023,1.03961901185874
"142","31","P31_28","1",61.33,2.12581828349888,19.1515130188887,"1","1",8,0.311888794368316,0.506483427793557
"143","31","P31_29","1",28.88,1.1829869846921,19.2521917778162,"1","1",9,0.666397770550523,0.515513536094641
"144","31","P31_3","1",23.18,1.03158833683653,18.4474169457677,"1","1",10,0.795552413340674,0.474310823926367
"145","31","P31_30","2",105.2,2.45935330840925,24.9686454206239,"1","0",9,0.339279385329395,0.43705804214968
"146","31","P31_31","3",36.04,1.33027927340777,19.084771959599,"0","1",9,0.529466533249772,0.215794946339982
"147","31","P31_32","4",25.52,2,20.0330873491958,"0","0",9,0.784720770835169,0.821079775057027
"148","31","P31_4","4",38.02,1.77471800511234,26.6461033550955,"0","0",10,0.700680466842977,0.626845578410829
"149","31","P31_5","4",33.95,1.90479825721569,26.9049988066117,"0","0",11,0.785936096853988,0.831184355585162
"150","31","P31_6","2",104.4,2.76358863079864,33.8510078792033,"1","0",11,0.342504162357553,0.602445242376523
"151","31","P31_7","3",37.94,1.5207433153666,24.1032061313079,"0","1",11,0.633282170783808,0.603691456578778
"152","31","P31_8","1",37.3,1.32491877289419,24.8838033058153,"1","1",11,0.643800489946327,0.411221150349698
"153","31","P31_9","4",28.97,2.0021325680283,29.0306476246804,"0","0",3,1.00176144495395,1.1373573402262
"154","32","P32_1","3",26.96,2.82842712474619,22.339220633865,"0","1",10,0.805937371338752,0.770954432221626
"155","32","P32_10","1",27.6,1.96969563040304,29.5070615554733,"1","1",3,1.068721208087,1.23815603859632
"156","32","P32_12","4",51.83,1.1560237827458,30.033399091914,"0","0",3,0.579350761185342,0.257614422540689
"157","32","P32_13","3",20.46,2.82842712474619,19.7922610561953,"0","1",5,0.966837641949306,1.06639506365487
"158","32","P32_14","4",36.44,1.09351742891023,21.0302828107291,"0","0",5,0.577032700276327,0.251128885465086
"159","32","P32_16","1",18.32,2.14789860041535,20.0768143109329,"1","1",5,1.09536886609108,1.11810139506526
"160","32","P32_17","1",30.25,2.00520059826208,19.8525006861579,"1","1",6,0.65568920839987,0.68564398482729
"161","32","P32_19","4",57.53,1.49197233732035,30.3753899293023,"0","0",6,0.52556609020378,0.236553430935097
"162","32","P32_20","3",18.51,2.43110097687635,20.3681589603626,"0","1",6,1.0998575808995,1.516776450689
"163","32","P32_21","2",237.52,2.82842712474619,40.3639112798188,"1","0",7,0.246487688776766,1.48457053274962
"164","32","P32_22","4",37.22,0.923513342547752,19.2451952235545,"0","0",7,0.515560537560033,0.297425799003759
"165","32","P32_23","1",41.88,2.00000000000004,20.6176365806456,"1","1",7,0.49140756196172,0.322013909827236
"166","32","P32_24","3",18.29,2.62190195190619,19.1748529965105,"0","1",7,1.04780050474494,1.4501966746385
"167","32","P32_25","1",71.2,2.49517238745686,25.5927625684553,"1","1",8,0.394102448951452,0.51871085149597
"168","32","P32_28","3",30.37,2.82842712474619,19.3800317738732,"0","1",8,0.63744039828393,1.21994941350898
"169","32","P32_29","4",56.66,1.1609131891178,19.5587571199368,"0","0",9,0.345151322283869,0.0974715450601174
"170","32","P32_3","1",40.54,2.82842712474619,20.1726301050682,"1","1",10,0.554454540102241,0.908906472689494
"171","32","P32_30","1",27.73,2.82842712474619,19.5342552919865,"1","1",9,0.684524837306619,1.0747319640974
"172","32","P32_32","3",20.74,2.48228220468194,20.6321423550825,"0","1",9,0.99265990709714,1.25751782462872
"173","32","P32_4","4",41.03,2.24167076806185,28.9191943353001,"0","0",10,0.697056663467898,0.671408837712437
"174","32","P32_6","4",47.16,1.18371766783715,24.8467931578116,"0","0",11,0.523751005581273,0.240963668050597
"175","32","P32_7","1",86.32,2.68988279238476,26.3083698784982,"1","1",11,0.304581976411345,0.636307945989483
"176","32","P32_8","3",22.36,2.64511697594545,24.3924729271984,"0","1",11,1.0904597593093,1.33543506556392
"177","32","P32_9","3",34.39,2.47834883144906,30.0263212064568,"0","1",3,0.872892917540642,0.910503160664185
"178","33","P33_1","1",51.33,0.525228913815836,18.5342258892192,"1","1",10,0.36102543948919,0.0703789567243895
"179","33","P33_10","1",54.56,0.986535153696625,29.8816720736786,"1","1",3,0.547593459846877,0.188652331150651
"180","33","P33_11","4",92.11,0.596561683675025,33.2788734741325,"0","0",3,0.360519829876517,0.100706818911535
"181","33","P33_12","3",63.2,1.15472643395147,29.7280865617986,"0","1",3,0.470306891807191,0.206630397321274
"182","33","P33_13","4",43.09,1.22196411095054,20.0264715556534,"0","0",5,0.464726999061463,0.160631034420644
"183","33","P33_15","1",54.96,0.24660103882904,18.6658526040565,"1","1",5,0.339570123820381,0.0962029593137159
"184","33","P33_16","3",32.21,0.528040759443684,18.6948319707502,"0","1",5,0.580275067988876,0.279374285138957
"185","33","P33_17","2",116.47,2.82842712474619,22.3983810581234,"1","0",6,0.188997737557322,0.683813089019032
"186","33","P33_18","4",55.25,0.311404260413466,19.7950733410491,"0","0",6,0.358223001900303,0.06935914012877
"187","33","P33_19","3",37.83,0.395149989360426,18.3614433312019,"0","1",6,0.485274593679687,0.185994463489757
"188","33","P33_20","1",47.94,0.352249734479287,19.7241360430054,"1","1",6,0.411358376338621,0.0713870908939275
"189","33","P33_21","4",100.3,0.176544465095455,21.6473835068176,"0","0",7,0.215794802930262,0.0240574413833481
"190","33","P33_22","2",190.21,2.82842712474619,27.9571941175733,"1","0",7,0.66142050769981,1.30486475865633
"191","33","P33_23","1",36.65,2.594477964158,18.0508942485772,"1","1",7,0.492509978012771,0.193587756279101
"192","33","P33_24","3",34.16,0.792789028737555,18.4535490367109,"0","1",7,0.540121768590174,0.178898761164203
"193","33","P33_25","3",39.45,0.475296066321895,18.0107927283987,"0","1",8,0.456444832773552,0.126005881471613
"194","33","P33_26","1",49.54,2.00906604338334,19.3088982869575,"1","1",8,0.389289197005041,0.297577891329704
"195","33","P33_27","4",75.71,0.216950238363845,19.1938321311194,"0","0",8,0.253431827488366,0.0470494758435378
"196","33","P33_28","2",148.7,2.5818137510345,29.3067347735749,"1","0",8,0.324671139001913,0.23246454598931
"197","33","P33_29","1",61.43,0.650676299656851,19.1332376412162,"1","1",9,0.311329843335198,0.0911435067869189
"198","33","P33_3","4",76.18,0.277436151730722,19.1791418290267,"0","0",10,0.251079644111364,0.0524885977553849
"199","33","P33_30","4",71.5,0.396588923798713,19.2696441084454,"0","0",9,0.269497759050568,0.0543249980180241
"200","33","P33_31","3",37.18,0.875234737993675,17.9638006212133,"0","1",9,0.483087416674778,0.218943490045529
"201","33","P33_4","3",65.96,0.461178412540335,19.9602487140539,"0","1",10,0.302563414597541,0.0692912130711915
"202","33","P33_6","1",58.46,1.6973191127691,22.9453157324278,"1","1",11,0.453390261040067,0.13662513276063
"203","33","P33_7","3",48.36,0.467948478877833,22.897030698178,"0","1",11,0.473397938769622,0.152728159608479
"204","33","P33_8","4",146.68,0.361878221275815,31.2819026557739,"0","0",11,0.212139291740054,0.0363444362708719
"205","34","P34_1","4",41.55,1.69341884705615,21.8455010314373,"0","0",10,0.523858616761434,0.56849988387649
"206","34","P34_10","2",90.95,2.07236561246627,29.3074957485727,"1","0",5,0.692753331770435,0.741532200118786
"207","34","P34_11","4",28.83,2.02021620665178,21.6783664719684,"0","0",5,0.75179397780393,0.773374700939953
"208","34","P34_12","3",28.88,2,22.5197111218076,"0","1",5,0.73547667849003,0.994352672624732
"209","34","P34_13","4",20.01,1.7331272977185,18.9212192843113,"0","0",6,0.945103843694239,0.618628083098133
"210","34","P34_14","3",20.85,2.00719210474571,19.791672232862,"0","1",6,0.948797416449496,1.07944646479048
"211","34","P34_15","2",198.72,2.74994947954366,39.9270057241886,"1","0",6,0.306816888982527,0.81844336592159
"212","34","P34_16","4",43.39,1.63075552006875,20.1430279034124,"0","0",7,0.453705906196329,0.485122460775967
"213","34","P34_17","2",103.84,2.65120515863081,25.050921863432,"1","0",7,0.236039371945714,0.462762082854944
"214","34","P34_18","3",16.93,2.21705296230855,17.7058702344301,"0","1",7,1.04528791496084,1.11849161651964
"215","34","P34_19","2",242.22,2.82842712474619,35.7455611045313,"1","0",8,0.513473290300821,0.632146446832286
"216","34","P34_2","2",31.46,2.08430338842557,2.85896185368441,"1","0",10,0.0799180981146239,0.615164868934671
"217","34","P34_20","4",33.69,2.00832388726106,22.8877543726763,"0","0",8,0.661505261565165,0.598947758487522
"218","34","P34_21","3",16.17,2.25712392638476,18.0156663384238,"0","1",8,1.11354724905547,1.46635511840976
"219","34","P34_22","3",21.34,2.38426928045729,20.1480701576123,"0","1",9,0.94370515323944,1.27789153245417
"220","34","P34_23","2",116.96,2.13483544707562,25.103393793355,"1","0",9,0.346012660731169,0.38882792773688
"221","34","P34_24","4",40.06,2.00191460718921,21.9017045078411,"0","0",9,0.540336359341797,0.558458708915794
"222","34","P34_25","1",290.19,2.82842712474619,62.9003552194609,"1","1",10,0.258389640559097,0.632279724760535
"223","34","P34_26","1",260.27,2.82842712474619,47.8050250127817,"1","1",11,0.215489292855349,0.420370905593351
"224","34","P34_27","1",63.32,2,33.7395086126241,"1","1",3,0.524864504075344,0.493548804299321
"225","34","P34_28","1",59.83,2.82842712474619,25.7082386706944,"1","1",5,0.42359281561118,0.557577795503175
"226","34","P34_29","1",24.4,2.46358502866397,20.6225070874134,"1","1",6,0.85926352188557,1.1542515121877
"227","34","P34_3","3",16.31,2.00760889261144,17.8236902071834,"0","1",10,1.09223810778711,1.2925832927267
"228","34","P34_30","1",88.96,2.82842712474619,31.7206859457846,"1","1",7,0.345115143834851,0.688525965790975
"229","34","P34_31","1",70.35,2.00000090234284,21.9001173734601,"1","1",8,0.31122189507242,0.192339867579321
"230","34","P34_32","1",1.54,0.704234858239665,0.479842648634733,"1","1",9,0.310020874125761,1.29039691758722
"231","34","P34_4","2",173.65,2.82842712474619,36.7797656103305,"1","0",11,0.208911049288349,0.617681714578633
"232","34","P34_5","4",46.92,2.01022078050365,34.7003275600778,"0","0",11,0.736633755679681,0.87704330925784
"233","34","P34_6","3",35.69,1.80761044411847,25.5018565635192,"0","1",11,0.714426807350523,0.548847133840611
"234","34","P34_7","2",11.97,0.91026025092573,1.53997646089234,"1","0",3,0.131610089441903,0.474452854515472
"235","34","P34_8","3",32.43,2.44380074080811,30.0322802784198,"0","1",3,0.924470657570147,1.18397377169049
"236","34","P34_9","4",67.17,1.79551273520613,37.9541661385617,"0","0",3,0.564738486713375,0.37838727498756
"237","35","P35_1","1",33.62,0.917916011310261,18.7289163554415,"1","1",10,0.556915242106742,0.272332837107967
"238","35","P35_10","2",91,2.09839533788969,22.2337725134721,"1","0",5,0.241894242779459,0.438990900554056
"239","35","P35_11","1",29.5,0.525303440240494,19.278507454327,"1","1",5,0.653296884557605,0.371660568128376
"240","35","P35_12","3",21.9,2.00610976434377,19.1814523439323,"0","1",5,0.875566382906176,0.678592241782804
"241","35","P35_13","1",26.23,2.07410465209141,19.3078572476119,"1","1",6,0.735905278153264,0.485310932945632
"242","35","P35_14","3",18.03,2.17441727282139,18.7301398656143,"0","1",6,1.03830557884082,0.989648714818595
"243","35","P35_15","2",49.24,1.61161335576125,21.7737805634751,"1","0",6,0.442216180966416,0.260679091896961
"244","35","P35_16","1",33.09,0.924009351294396,18.675986611072,"1","1",7,0.564246059821534,0.2486201044466
"245","35","P35_17","2",79.75,2.08623048895143,23.5345347782658,"1","0",7,0.295849763524714,0.317243998160292
"246","35","P35_18","3",21.93,1.71269644627187,17.7560037268781,"0","1",7,0.809408435675963,0.541612228996789
"247","35","P35_19","2",71.95,2.15271975348986,22.7690340007138,"1","0",8,0.46354163138759,0.300665396441084
"248","35","P35_2","2",83.55,2.00085305405828,20.0335001417162,"1","0",10,0.261260916246542,0.377646462694244
"249","35","P35_20","1",34.67,2.29066234802726,18.53430982088,"1","1",8,0.54904849766969,0.477969403446743
"250","35","P35_21","3",21.11,2.01524475693,18.6308865625654,"0","1",8,0.882174181067573,0.834066524837225
"251","35","P35_22","3",25.84,1.5953576783579,18.8558844935146,"0","1",9,0.729485633180681,0.675000753594789
"252","35","P35_23","2",178.07,2.82842712474619,19.9482188687268,"1","0",9,0.110952571378107,2.18699036730881
"253","35","P35_24","1",27.6,1.52067500442779,18.646929267706,"1","1",9,0.67535161336429,0.479269700929578
"254","35","P35_25","4",23.78,2.01637468593626,18.7418068796793,"0","0",10,0.787773617960646,0.670720761084083
"255","35","P35_26","4",41.88,1.5845955967844,28.6473401069829,"0","0",11,0.681976692938691,0.576845087832179
"256","35","P35_27","4",38.08,2.20384044020138,29.8002625048201,"0","0",3,0.782380953350004,0.612625647810526
"257","35","P35_28","4",28.25,1.54293954766667,19.906311623097,"0","0",5,0.704410761145644,0.549143531882428
"258","35","P35_29","4",28.76,2.00063910460373,20.1441035376027,"0","0",6,0.700247241566243,0.694308817067909
"259","35","P35_3","3",22.83,2.01692546795393,18.7263877882531,"0","1",10,0.819891754702658,0.80090458138679
"260","35","P35_30","4",28.56,1.71913832493628,19.0371650442187,"0","0",7,0.66630246345196,0.510002545113742
"261","35","P35_31","4",35.24,2.01636169117413,22.9926245359105,"0","0",8,0.649327656915164,0.576352572417826
"262","35","P35_32","4",33.37,0.867835045659534,19.6181718666802,"0","0",9,0.587722441070738,0.314709425751685
"263","35","P35_4","2",93.34,2.47003107987402,28.2671660985826,"1","0",11,0.3010538356348,0.651865870939135
"264","35","P35_5","1",34.51,1.06795928060433,23.5040678831377,"1","1",11,0.713472243542195,0.497080489046473
"265","35","P35_6","3",33.88,1.79819321218897,23.8424498257419,"0","1",11,0.703606368804065,0.491985167674709
"266","35","P35_7","2",67.67,2.17361653017332,31.1607121717739,"1","0",3,0.499658516609033,0.332816572655578
"267","35","P35_8","3",31.75,1.96594574630328,28.4629110989266,"0","1",3,0.896227702681133,0.736206742728071
"268","35","P35_9","1",46,0.873231824657753,29.2575184486351,"1","1",3,0.635903289560031,0.367847790083065
"269","36","P36_1","2",386.99,2.82842712474619,48.5707528252085,"1","0",10,0.139868741891124,1.05628752576266
"270","36","P36_10","4",89.96,0.244099094000111,28.6418915703109,"0","0",3,0.31834406818099,0.0518904656138895
"271","36","P36_11","1",27.37,2.14811739022217,28.1653796135555,"1","1",3,1.02873271296516,0.985425465844604
"272","36","P36_12","3",30.83,2.02080717645604,29.3692596128742,"0","1",3,0.95229356190416,1.23876691425238
"273","36","P36_13","2",73.72,0.549092314538236,20.6727395483019,"1","0",5,0.342742833842582,0.0687931041733499
"274","36","P36_14","3",16.15,2.66042032592628,19.2455573838933,"0","1",5,1.19099151119825,1.40209051380728
"275","36","P36_15","1",23.03,2.02165331744549,19.564573461758,"1","1",5,0.84916580704523,0.873188833566357
"276","36","P36_16","4",54.79,0.222957206805851,19.385604395643,"0","0",5,0.353761486410801,0.0412829458844854
"277","36","P36_17","4",85.05,0.19208382126982,20.079577976231,"0","0",6,0.236055007210095,0.0250517176516625
"278","36","P36_18","1",22.99,2.00080388000913,19.2566681873241,"1","1",6,0.837203630483652,0.61220760524439
"279","36","P36_19","3",21.89,2.00047183762922,19.6126771206082,"0","1",6,0.895606065161864,0.647203603287571
"280","36","P36_2","1",20.33,2.11344736388564,18.4712622228676,"1","1",10,0.908255413477713,0.779091729589688
"281","36","P36_20","2",170.96,2.07219974174157,21.7750785183621,"1","0",6,0.145001536545597,0.385770673138694
"282","36","P36_21","1",39.6,2.82842712474619,20.309410651952,"1","1",7,0.503989350217193,0.57278568601614
"283","36","P36_22","3",17.35,2.65330860823516,18.1631036251256,"0","1",7,1.04630314644896,1.26072696583283
"284","36","P36_23","4",66.42,0.157204517755877,18.6597583670496,"0","0",7,0.280892718030591,0.0436359848791184
"285","36","P36_24","2",117.27,1.17008987447594,24.1396165331491,"1","0",7,0.202360821846501,0.130362752534482
"286","36","P36_25","4",117.54,0.134980138982833,18.5246675503277,"0","0",8,0.157592409487329,0.0157560269243688
"287","36","P36_26","1",33.05,2.54327975562438,19.0260003734935,"1","1",8,0.640468226282255,0.624622957458099
"288","36","P36_27","3",15.49,2.82842712474619,17.7872995464168,"0","1",8,1.14760685625371,1.36114242922652
"289","36","P36_28","2",149.47,0.985971369628003,22.7694190057633,"1","0",8,0.14860300338369,0.0510099943238588
"290","36","P36_29","3",22.59,2.00003759560121,19.4062248078625,"0","1",9,0.858695815721155,0.862128192380576
"291","36","P36_3","4",97.86,0.208461010773377,20.0407027528285,"0","0",10,0.197438728846998,0.0406834681529799
"292","36","P36_30","2",198.73,2.82842712474619,30.1775299493484,"1","0",9,0.159792742844909,0.405513470031199
"293","36","P36_31","4",121.52,0.201359934483452,19.6023533818964,"0","0",9,0.16131028614795,0.0229148912680697
"294","36","P36_32","1",34.6,2.02061136738014,19.1542693693704,"1","1",9,0.558404676617481,0.422967691557002
"295","36","P36_4","3",18.51,2.67660790844219,17.6317236786727,"0","1",10,0.952004771847349,1.09782942953027
"296","36","P36_5","2",235.72,2,29.6956315310951,"1","0",11,0.121902785195944,0.0722061255722399
"297","36","P36_6","1",22.1,2.31627545460115,22.9349247877476,"1","1",11,1.03732726274379,1.14547478003399
"298","36","P36_7","3",19.9,2.73005163325201,23.1412855139017,"0","1",11,1.1623171806346,1.55680966012982
"299","36","P36_8","4",109.9,0.143139468456883,24.4360531740502,"0","0",11,0.222339894071699,0.0273529536392827
"300","36","P36_9","2",139.6,2.00000000140399,36.1915324493613,"1","0",3,0.298431889773681,0.142331516997772
"301","38","P38_1","2",70.71,2.36330785950714,20.4150487852364,"1","0",10,0.524183394930295,0.352097001798285
"302","38","P38_10","1",79.18,1.51878177008138,30.0018958557059,"1","1",3,0.378851714253747,0.252128306656528
"303","38","P38_11","4",84.89,0.794223700898225,38.5105490854908,"0","0",3,0.452801658966929,0.185837187280019
"304","38","P38_12","2",243.39,2.82842712474619,40.0359512794321,"1","0",3,0.355492356134562,0.600619966155189
"305","38","P38_13","1",66.12,1.93873537548976,20.5160396890621,"1","1",5,0.305890472916746,0.192216565892162
"306","38","P38_14","3",21.53,1.58205074800157,18.9268448089688,"0","1",5,0.878788081312634,0.663820521697173
"307","38","P38_15","4",55.88,1.87450406629983,22.728853751907,"0","0",5,0.405284335530089,0.350758537191636
"308","38","P38_16","2",118.83,2.77175504113906,27.5445789764013,"1","0",5,0.459563627895829,0.818281954252365
"309","38","P38_17","1",28.08,1.20172040968374,19.6599862352951,"1","1",6,0.699881181492929,0.437963161823949
"310","38","P38_18","4",41.84,1.02415649788998,19.7201390951657,"0","0",6,0.471024956925105,0.179985061563208
"311","38","P38_19","2",25.86,2.82842712474619,1.40572933781616,"1","0",6,0.587822111833877,0.516220979867376
"312","38","P38_2","1",37.33,0.63768368765838,19.2188783445146,"1","1",10,0.51460035433478,0.308484998657623
"313","38","P38_20","3",26.24,0.628390103205678,18.7215226261725,"0","1",6,0.713199076200992,0.367769850965758
"314","38","P38_21","2",112.45,2.4916980354286,25.4833349058145,"1","0",7,0.24133622749932,0.393992311819194
"315","38","P38_22","1",83.18,1.84375003397211,19.9568115254086,"1","1",7,0.234391401357267,0.151739854784967
"316","38","P38_23","3",24.49,1.09483553115535,17.7988183025071,"0","1",7,0.726536148143665,0.35107523823517
"317","38","P38_25","1",25.41,0.875871921176362,17.399473711501,"1","1",8,0.684514978388479,0.300782999048627
"318","38","P38_26","4",35.58,0.491517664835214,17.6186558282933,"0","0",8,0.495052030411766,0.0908028750239084
"319","38","P38_27","3",19.68,2,17.5502570062344,"0","1",8,0.891412437011822,0.623504639618466
"320","38","P38_28","2",149.06,2.17529615377102,27.136192597998,"1","0",8,0.36044455177029,0.289862060306743
"321","38","P38_29","3",22.65,1.70686393386754,18.1051306838583,"0","1",9,0.799018762726406,0.754087102646084
"322","38","P38_3","3",23.12,2.03407276984507,17.9218837374132,"0","1",10,0.774876480754631,0.540746930952761
"323","38","P38_30","4",36.7,1.58492687711549,19.1454513457881,"0","0",9,0.52151485703829,0.467686171975862
"324","38","P38_31","1",60.78,1.64092250828964,20.1805950843034,"1","1",9,0.326909665148236,0.178159668489563
"325","38","P38_32","2",134.73,2.13098875073638,26.9797110645783,"1","0",9,0.379593016809763,0.445246710429024
"326","38","P38_4","4",51.9,0.409925005721944,18.4138584579229,"0","0",10,0.354732376109255,0.0652084328023782
"327","38","P38_5","2",125.81,2.23897350730664,31.1174485476899,"1","0",11,0.372351871398252,0.494278561698869
"328","38","P38_6","1",39.37,1.24833617909231,22.63490966017,"1","1",11,0.57483500204727,0.233358433958215
"329","38","P38_7","3",31.06,1.90032323930002,23.3716331527098,"0","1",11,0.751391113478833,0.595449255051397
"330","38","P38_8","4",73.51,0.251027063198191,24.7506204199446,"0","0",11,0.336657983729996,0.0472075345843974
"331","38","P38_9","3",50.47,0.809347786318563,28.423691266161,"0","1",3,0.563099041207881,0.228286697329876
"332","39","P39_10","4",74.11,1.04667853873962,35.2232549700588,"0","0",3,0.474686280411377,0.221034458346039
"333","39","P39_11","2",128.41,1.29549336755455,32.2297278177399,"1","0",3,0.286502430388985,0.16566435336021
"334","39","P39_12","3",25.86,2.43995678034078,29.0045810321458,"0","1",3,1.12118504288876,1.36259821588701
"335","39","P39_13","4",34.07,0.735450469939189,19.0406340569769,"0","0",5,0.55871876406446,0.31329711180667
"336","39","P39_14","1",27.3,2.01921720591074,20.198455634043,"1","1",5,0.739706659385576,0.817099787708814
"337","39","P39_15","2",161.91,2.00124012506358,32.7992058530513,"1","0",5,0.227850475502282,0.245471715689162
"338","39","P39_16","3",24.78,2.00077953772066,19.6601860379804,"0","1",5,0.793158057370245,0.585067328365132
"339","39","P39_17","1",19.71,1.65992738644939,19.5232050302044,"1","1",6,0.990031798542344,0.866392831927742
"340","39","P39_18","2",65.28,2.00197273669045,20.7299520265026,"1","0",6,0.369131511469571,0.293489246149453
"341","39","P39_19","3",19.52,2.37896456627656,19.5754457473852,"0","1",6,1.00241870772372,1.12863227239508
"342","39","P39_2","2",154.67,2.00000039905904,27.6240245690468,"1","0",10,0.22022127594649,0.293531200365512
"343","39","P39_20","4",64.76,1.14074285892053,27.9941583251065,"0","0",6,0.427956095743216,0.142517829746558
"344","39","P39_21","3",20.16,2.09345407145444,19.7371131883349,"0","1",7,0.978565043659686,1.08002722697576
"345","39","P39_22","1",33.81,1.80919147237603,18.7872984558216,"1","1",7,0.625848320077879,0.599273265135144
"346","39","P39_24","2",304.17,2.00005000737973,65.4721392864834,"1","0",7,0.252272696860868,0.253449390008003
"347","39","P39_25","3",22.29,1.91391198341625,18.6064131455223,"0","1",8,0.834411963306416,0.834526991864014
"348","39","P39_26","1",19.54,1.79619723605493,18.1910582409359,"1","1",8,0.930561293272383,0.806831994147003
"349","39","P39_27","4",70.36,0.69950476721938,30.7204115778167,"0","0",8,0.434546179151385,0.266473612608259
"350","39","P39_28","2",2.24000000000001,0.384851494010982,0.500156167973992,"1","0",8,0.222277293225021,0.309531088699694
"351","39","P39_29","1",26.39,0.981241500904667,18.5002211123796,"1","1",9,0.700802057402487,0.453026130607399
"352","39","P39_3","3",33.67,1.76389647250455,24.9625759830931,"0","1",10,0.740106879512336,0.558840947396155
"353","39","P39_30","3",21.45,2.82842712474619,20.1178895997552,"0","1",9,0.909977797878412,1.3049402116704
"354","39","P39_31","4",81.83,1.31016540934717,37.0357973276345,"0","0",9,0.452512258252706,0.20314462760277
"355","39","P39_32","2",291.02,2.00613535507649,47.3392293956969,"1","0",9,0.173889417636993,0.230389415065193
"356","39","P39_4","1",26.9,2.06483421729302,18.9814377627042,"1","1",10,0.704350203613384,0.755407904158251
"357","39","P39_5","2",132.48,1.96555252824718,28.2986728460025,"1","0",11,0.21302468127641,0.223583463452703
"358","39","P39_6","3",23.27,2.40442037497995,22.8490759687828,"0","1",11,0.981519679829744,1.12688457776385
"359","39","P39_7","1",32.61,2.10111036586292,23.8228740987284,"1","1",11,0.730156088059948,0.533687083653191
"360","39","P39_8","4",64.3,0.919644518215743,32.8613708862075,"0","0",11,0.510488641298915,0.276221809117158
"361","39","P39_9","1",43.06,2,29.8352262287914,"1","1",3,0.692314068420936,0.435259245241892
"362","40","P40_1","4",33.47,1.35423615807713,19.0424009362197,"0","0",10,0.568835239259906,0.373545919018632
"363","40","P40_10","4",43.47,1.35354928979559,29.8472864738603,"0","0",3,0.686377091594786,0.475990669549946
"364","40","P40_11","2",18.96,1.39646957915852,3.2994739995775,"1","0",3,0.17103027013724,0.372907418017502
"365","40","P40_12","1",65.18,1.30482632144635,31.3269687941716,"1","1",3,0.472924260965349,0.24225036955091
"366","40","P40_13","4",27.46,1.32051708205078,20.1028278947875,"0","0",5,0.731897660623287,0.380100001267943
"367","40","P40_14","3",21.29,2.00000559415076,19.2117779243706,"0","1",5,0.901953237955785,1.06402475054584
"368","40","P40_15","2",58.86,1.88567679974581,21.884973162694,"1","0",5,0.387733523283077,0.245016887662865
"369","40","P40_16","1",35.92,1.053973643398,19.6812721550996,"1","1",5,0.547806500977455,0.235315483258793
"370","40","P40_17","1",43.81,1.55850627211717,20.4366987190545,"1","1",6,0.463512766805652,0.374897061990991
"371","40","P40_18","3",20.78,1.89721905889845,19.4827170253256,"0","1",6,0.937053346646094,0.83446302954363
"372","40","P40_19","2",53.94,2.00002560984627,21.1608327986978,"1","0",6,0.473176625502344,0.433496908861385
"373","40","P40_2","3",23.47,1.7185891262006,18.2706274296927,"0","1",10,0.778239034431308,0.615242197788101
"374","40","P40_20","4",24.38,1.73435045867768,19.6508812353018,"0","0",6,0.805780595979108,0.728795793096448
"375","40","P40_21","4",32.7,1.58799207966998,20.9325834667594,"0","0",7,0.639975727830973,0.388274742744596
"376","40","P40_22","3",19.73,2.01487130971232,18.2024837784294,"0","1",7,0.922255021845477,0.98203624464949
"377","40","P40_23","1",50.97,2.00052010744498,20.8250245175966,"1","1",7,0.407925487688063,0.359723320873379
"378","40","P40_24","2",66.06,1.61136227826258,21.5279987902003,"1","0",7,0.324305477518165,0.266639900536173
"379","40","P40_25","3",31.44,1.30013388177746,18.3248660567055,"0","1",8,0.582690962456385,0.429922369272594
"380","40","P40_26","1",45.5,2.00001965670801,20.8481137845245,"1","1",8,0.456080816602089,0.33684451151415
"381","40","P40_27","4",42.08,0.86704643404074,19.274365504485,"0","0",8,0.457921149755206,0.267142505649391
"382","40","P40_28","2",121.21,2.023234647749,29.370144502186,"1","0",8,0.275051089849203,0.391677540987616
"383","40","P40_29","2",71.01,2.01965464008036,22.1136357208186,"1","0",9,0.368500277594625,0.410301237801556
"384","40","P40_3","1",69.16,2.27267451993377,24.2228227731302,"1","1",10,0.350600505291617,0.292901351920169
"385","40","P40_30","1",39.97,0.90287416413847,19.1977023067348,"1","1",9,0.480206000728207,0.272604042564842
"386","40","P40_31","4",33.93,0.897541442279034,19.8361618061456,"0","0",9,0.584469167371409,0.303776423477777
"387","40","P40_32","3",20.77,2.27311477082835,18.6547818406154,"0","1",9,0.897888608657558,0.818738210873422
"388","40","P40_4","2",121.78,2.250559688218,30.1357803892975,"1","0",10,0.26339443682885,0.325763514132324
"389","40","P40_5","4",41.88,1.93648254420855,25.277832093585,"0","0",11,0.603219158197636,0.356038251795682
"390","40","P40_6","1",56.17,1.28912749269761,24.1718076505441,"1","1",11,0.435579244604804,0.204653009606278
"391","40","P40_7","3",28.72,2.21717043331591,23.369273672639,"0","1",11,0.813505212325422,0.820352914399756
"392","40","P40_8","2",89.86,2.01250465868074,32.1569658828422,"1","0",11,0.374141571965752,0.43252642781312
"393","40","P40_9","3",43.52,2.01085452244484,28.0606269240489,"0","1",3,0.644665184336675,0.485605608831475
"394","41","P41_1","4",68.36,0.432824342475754,19.3501096150808,"0","0",10,0.28302024660528,0.0487741512955861
"395","41","P41_10","1",73.77,2.00000943848948,30.1450686422812,"1","1",3,0.423745760579461,0.313116195441467
"396","41","P41_11","3",33.06,1.73270945286981,28.1175759900302,"0","1",3,0.850262277790326,0.705321221914594
"397","41","P41_12","4",73.22,0.911897827477034,30.8662267828775,"0","0",3,0.420232808743706,0.142647755966799
"398","41","P41_13","1",74.42,2.20585975027615,20.3484652715797,"1","1",5,0.27300272626489,0.46098914387656
"399","41","P41_14","2",154.25,2.1836655975334,25.8466191753823,"1","0",5,0.203818425616122,0.445117466450634
"400","41","P41_15","4",37.49,0.718079606402241,20.2330787379886,"0","0",5,0.539589453616303,0.160851874143769
"401","41","P41_16","3",18.21,2.006704698832,19.199366206936,"0","1",5,1.05386294702003,0.958173263524884
"402","41","P41_17","2",120.41,2.19704439602433,23.7865657277573,"1","0",6,0.34665503778822,0.321188233259454
"403","41","P41_18","4",77.5,1.30021224985671,35.6211579005875,"0","0",6,0.458807705474807,0.179535326893074
"404","41","P41_19","3",25.09,1.48454332991287,19.5270147146094,"0","1",6,0.777979081832127,0.580804689775643
"405","41","P41_20","1",41.51,1.38858789393267,19.4980173405612,"1","1",6,0.47120487419946,0.337581963447758
"406","41","P41_21","4",48.57,0.843680781911435,19.5046304206788,"0","0",7,0.401444461929815,0.193513620436388
"407","41","P41_22","1",38.4,2.00031248252241,18.8653430556273,"1","1",7,0.491052739539739,0.275821020578688
"408","41","P41_23","3",22.35,2.08725220152864,17.5910972929667,"0","1",7,0.786792460696389,0.489801775753868
"409","41","P41_24","2",128.96,2.10061706906029,20.9054568541334,"1","0",7,0.162075144313333,0.40693002268759
"410","41","P41_25","1",24.98,2.44318842501833,18.3424685865891,"1","1",8,0.733631164558577,0.484004577180411
"411","41","P41_26","4",73.02,0.503682198510228,25.7570286589741,"0","0",8,0.346951062310848,0.169121321608905
"412","41","P41_27","2",125.3,1.8876335384258,33.2253929752679,"1","0",8,0.301390773092598,0.283147142992299
"413","41","P41_28","3",22.09,2,17.7322027576741,"0","1",8,0.802409583422738,0.711860035790908
"414","41","P41_29","3",27.82,0.953381815429561,18.1897193579832,"0","1",9,0.653610999768978,0.402864178173858
"415","41","P41_30","1",41.85,2.01364855800344,19.8454541593124,"1","1",9,0.510549220094956,0.384631565678489
"416","41","P41_31","4",104.87,0.559690538883721,25.460808389128,"0","0",9,0.235853221438273,0.0878497870756569
"417","41","P41_32","2",150.13,2.14215036412403,23.1485207105323,"1","0",9,0.18602457346798,0.293364943401383
"418","41","P41_4","2",141.38,2,26.4765198884895,"1","0",10,0.233675623816888,0.308895454712313
"419","41","P41_5","2",127.13,2.00000996597841,31.4035892104224,"1","0",11,0.28417190350386,0.228622371957818
"420","41","P41_6","1",30.12,1.32778653596606,22.3432408250663,"1","1",11,0.741623288244934,0.446277870419957
"421","41","P41_7","4",77.47,0.537725064503341,25.1634092948498,"0","0",11,0.324790922152879,0.0740476510571286
"422","41","P41_8","3",28.36,2.21341148560706,23.2207841596943,"0","1",11,0.818588197849547,0.65291473019201
"423","41","P41_9","2",296.63,2.7988239539106,42.8326683166412,"1","0",3,0.167201931261884,0.399190293190578
"424","42","P42_10","3",42.2,1.48328778147026,28.9473773429581,"0","1",3,0.682904119285314,0.386959067894918
"425","42","P42_14","1",38.61,2.0850496225502,20.1612457687374,"1","1",5,0.556537715454275,0.591324795475721
"426","42","P42_15","4",23.68,2.01390855255278,18.8975503404642,"0","0",5,0.797743481043214,0.641986967994918
"427","42","P42_16","3",37.46,1.35192700506016,21.1845172124462,"0","1",5,0.562262611585134,0.285103365427227
"428","42","P42_17","3",49.54,1.61886429503583,27.3818757759285,"0","1",6,0.552647178635213,0.241118200830247
"429","42","P42_18","4",51.6,2.0001079301326,22.4826088403166,"0","0",6,0.431689792661816,0.257386272155426
"430","42","P42_19","1",35.52,0.523724151331864,19.9229307148929,"1","1",6,0.560772572901278,0.208618438928089
"431","42","P42_2","4",25.5,1.89745725879503,19.6241548295607,"0","0",10,0.769289378852179,0.516077248955026
"432","42","P42_22","1",75.72,2.00521500927582,23.7670592565914,"1","1",7,0.314179616578547,0.379081678547912
"433","42","P42_23","3",32.45,0.883908030553984,19.2585043910368,"0","1",7,0.593350642534318,0.20453185794909
"434","42","P42_25","3",42.54,1.02979472112222,20.3717457664889,"0","1",8,0.47793014872407,0.254009790304556
"435","42","P42_26","4",69.37,1.77390256881278,27.3450924689252,"0","0",8,0.390827935961507,0.2055430642646
"436","42","P42_27","1",40.75,1.05001148941099,19.6573393589988,"1","1",8,0.487961074871716,0.270421317437355
"437","42","P42_29","1",54.25,2.12716536302752,23.5939291885801,"1","1",9,0.430890920244596,0.447741890433175
"438","42","P42_3","3",33.46,2.00170899372577,19.731427034926,"0","1",10,0.589536176090978,0.283942957579973
"439","42","P42_30","3",40.28,0.981204104066763,20.2532521486104,"0","1",9,0.502698768601171,0.221320941182614
"440","42","P42_31","4",60.24,1.0749762655577,26.1525853252038,"0","0",9,0.431398466081048,0.232682336381367
"441","42","P42_4","1",91.83,2.04547563664165,23.2113628987305,"1","1",10,0.333750608298987,0.324620603152226
"442","42","P42_6","1",74.72,2.00003755411694,26.2558861566384,"1","1",11,0.35133670652007,0.39755823891751
"443","42","P42_7","3",35.14,2.23791117058943,24.3676123194876,"0","1",11,0.693313933652299,0.602378317272957
"444","42","P42_9","2",387.76,2.82842712474619,52.4297639386282,"1","0",3,0.24018618478354,1.09770605497163
"445","43","P43_1","4",25.67,1.88541864071955,18.006401440332,"0","0",10,0.701184721259097,0.339792320526885
"446","43","P43_10","3",49.63,2.02904157971164,30.7841669225989,"0","1",3,0.606771466175799,0.557351939448803
"447","43","P43_12","4",51.66,1.06918287272846,29.3646102291486,"0","0",3,0.568333345755686,0.348818552841572
"448","43","P43_13","3",38.52,2.21965637441747,21.0388791824082,"0","1",5,0.545718524073688,0.380498243559653
"449","43","P43_15","4",39.16,1.54376030833976,21.9093999956131,"0","0",5,0.55439428869,0.432082211417803
"450","43","P43_16","1",99.26,2.82842712474619,28.5664746088321,"1","1",5,0.33452951401209,1.85831188631532
"451","43","P43_18","4",24.65,1.66337542159782,19.294864915995,"0","0",6,0.782462452565148,0.298225084690255
"452","43","P43_19","1",43.33,2.82842712474619,22.7511955260338,"1","1",6,1.47099556731826,1.29616480970265
"453","43","P43_2","3",21.92,1.44876451714306,17.8908269284445,"0","1",10,0.815837967136227,0.663863443945584
"454","43","P43_20","3",22,2.08032912181009,20.044749679261,"0","1",6,0.910649812646534,0.527073500647787
"455","43","P43_22","3",29.77,2,18.9042343974261,"0","1",7,0.634866648018592,0.319706962925224
"456","43","P43_23","1",45.9,2.82842712474619,27.4917394190693,"1","1",7,0.595123324259766,1.2363373472494
"457","43","P43_25","3",24.58,1.32072501421334,18.6830949210842,"0","1",8,0.759858776048698,0.417855814517064
"458","43","P43_26","4",31.79,1.43438447889895,17.7389466388822,"0","0",8,0.557838845578047,0.3199666886579
"459","43","P43_28","1",19.63,2.40490184111142,18.9986973339864,"1","1",8,0.992660960804084,1.33866703138691
"460","43","P43_30","3",24.04,1.63718841564869,18.3740652128922,"0","1",9,0.764000770945916,0.597362608803393
"461","43","P43_31","4",36.44,0.832152701871286,19.1554480441723,"0","0",9,0.525559814944865,0.223678992690902
"462","43","P43_32","2",321.33,2.82842712474619,45.8318051883855,"1","0",9,0.188008318009964,1.1655498909301
"463","43","P43_6","3",26.75,1.73068819429219,23.7579447706666,"0","1",11,0.887851099240579,0.780976781185655
"464","43","P43_7","4",43.36,1.45646563256444,25.0874366401015,"0","0",11,0.578500644523816,0.337624576198553
"465","44","P44_1","2",82.32,2.25271154936535,21.8016099194895,"1","0",10,0.267362811383277,0.484119585227299
"466","44","P44_10","3",32.38,2.00034494044376,28.5659259152299,"0","1",3,0.881996853383643,0.738400355134692
"467","44","P44_11","4",54.59,1.15106567146011,30.2997517792813,"0","0",3,0.548772102410596,0.271067922422504
"468","44","P44_12","2",131.29,2.31711836041897,35.6480151721574,"1","0",3,0.35191260623727,0.440285526949989
"469","44","P44_13","3",17.38,2.25862121515645,18.9727947668563,"0","1",5,1.09112886647748,1.20657079578393
"470","44","P44_14","1",16,2.63170852460219,19.4106321142301,"1","1",5,1.21351753297583,1.38275792264806
"471","44","P44_15","2",81.75,2.35524287743248,23.8319248824163,"1","0",5,0.324139483624304,0.377632204609425
"472","44","P44_16","4",37.42,0.649264778673508,22.1769242161515,"0","0",5,0.591094541469886,0.251640431172694
"473","44","P44_17","1",15.14,2.48065056155125,19.14504554602,"1","1",6,1.26372456317779,1.47653908803001
"474","44","P44_18","2",224.8,2.82842712474619,48.338491323088,"1","0",6,0.843380704141092,2.16622658767461
"475","44","P44_19","4",26.1,0.959271907252246,19.3303321479225,"0","0",6,0.740368724391616,0.124398101110632
"476","44","P44_2","3",17.68,2.46124036319203,18.6467896489765,"0","1",10,1.05409921956963,1.25941041864637
"477","44","P44_20","3",16.64,2.82842712474619,19.9067757543196,"0","1",6,1.1956096347509,1.40433710996968
"478","44","P44_21","2",63,0.248620520230908,19.4997646172857,"1","0",7,0.309472204213907,0.0446044128155372
"479","44","P44_22","3",19.83,2.59639803455991,18.6600921069489,"0","1",7,0.94045306336077,1.20517396931234
"480","44","P44_23","4",58.35,2.40876426690626,33.2730159403108,"0","0",7,0.564208370427023,0.356663427610061
"481","44","P44_24","1",21.94,2.30867703147635,20.096173784615,"1","1",7,0.921967150178399,1.05767462760081
"482","44","P44_25","3",16.85,2.45501735066871,18.8260015911121,"0","1",8,1.11664643196923,1.30741204158863
"483","44","P44_26","2",190.36,2.82842712474619,40.5280241858963,"1","0",8,0.238083271307776,0.70595621824605
"484","44","P44_27","1",20.6,1.7474968577072,18.4046795902879,"1","1",8,0.892971977587899,0.88783653716417
"485","44","P44_28","4",42.71,1.79921815265727,23.5976083980054,"0","0",8,0.54669540023149,0.380221432072645
"486","44","P44_29","4",38.28,1.96049448556987,21.3725383170289,"0","0",9,0.555807476170681,0.46372777534484
"487","44","P44_3","4",25.87,1.18317354991338,18.7226758807766,"0","0",10,0.723515152693826,0.508418891442377
"488","44","P44_30","3",19.88,2.06542685427105,18.7323496457241,"0","1",9,0.94185242799274,1.02341941179769
"489","44","P44_31","2",0.730000000000004,0.352682794859671,0.498838088291654,"1","0",9,0.674770024177465,1.7056383588589
"490","44","P44_32","1",20.32,2.5121154693051,19.4006122343064,"1","1",9,0.953942874558041,1.24612458516934
"491","44","P44_4","1",27.47,2.20268119729446,18.2976327926921,"1","1",10,0.66596841870033,1.30511285904238
"492","44","P44_5","1",24.5,2.41792099789951,24.2752992976779,"1","1",11,0.989586270717348,1.21363015060075
"493","44","P44_6","3",21.11,2.56315232659175,23.7797117712792,"0","1",11,1.12593929285665,1.40443726309566
"494","44","P44_8","4",47.36,1.1780818786876,26.0430609783105,"0","0",11,0.549822058106705,0.24140255911494
"495","44","P44_9","1",24.98,2.11984510954715,28.4899017647964,"1","1",3,1.140072917127,1.3516399576916
"496","46","P46_1","1",38.9,0.703031679550755,18.4010244758112,"1","1",10,0.472918237527143,0.174703453219921
"497","46","P46_10","2",242.4,2.45745269395962,38.107356416164,"1","0",3,0.173088045733596,0.339685543975005
"498","46","P46_11","4",92.8,0.39962921239894,29.7002356093969,"0","0",3,0.320015290399298,0.0514113541352053
"499","46","P46_12","3",43.43,0.818046121164919,27.9939794551431,"0","1",3,0.644388296233611,0.289756712906328
"500","46","P46_13","1",51.18,2.82842712474619,20.5435053028518,"1","1",5,0.499116330216271,0.71577914935554
"501","46","P46_14","3",23.75,1.22525661758872,19.7724266520373,"0","1",5,0.83215236366219,0.593995354630903
"502","46","P46_15","4",82.29,0.408361324757609,21.316304879824,"0","0",5,0.259010747122394,0.027260745238712
"503","46","P46_16","2",185.86,2.82842712474619,40.2893078050395,"1","0",5,0.268896267271154,0.38949715088899
"504","46","P46_17","2",86.84,2.00024752824779,21.2148972277751,"1","0",6,0.327400015435998,0.28141008268367
"505","46","P46_18","4",57.84,0.534275929538763,19.9831872802898,"0","0",6,0.345417962133295,0.0705573579156103
"506","46","P46_19","3",26.5,1.65495518432819,19.5507819524734,"0","1",6,0.737461501126538,0.461745199146161
"507","46","P46_2","4",99.58,0.272252737735605,19.4837009267719,"0","0",10,0.194062928380946,0.0299471631502187
"508","46","P46_20","1",32.74,0.810689798481446,19.7000328780021,"1","1",6,0.601544539263388,0.261619140197229
"509","46","P46_21","4",74.76,0.738873844128633,22.2833313681242,"0","0",7,0.298019916012089,0.0740869699703477
"510","46","P46_22","3",20.35,1.72506166354677,17.5314873747556,"0","1",7,0.861099193013842,0.699893939372273
"511","46","P46_23","2",0.0999999999999943,2.82842712474619,0.549949671160781,"1","0",7,5,2.27307142866877
"512","46","P46_24","1",22.95,1.34694897765091,18.2853758193377,"1","1",7,0.796429632311881,0.42499880046621
"513","46","P46_25","2",152.98,2.55689895068434,30.7800188289966,"1","0",8,0.228370253135753,0.433973096954384
"514","46","P46_26","4",73.9,0.631727509579584,20.3233457754031,"0","0",8,0.273393382044069,0.0581975970351313
"515","46","P46_27","3",19.25,2.61448099693407,18.4398892922461,"0","1",8,0.957490719978607,0.915828861707529
"516","46","P46_28","1",28.12,1.02845019374097,17.0713862059179,"1","1",8,0.606884205181869,0.255982395128341
"517","46","P46_29","3",29.83,0.890753809640862,18.2720247706602,"0","1",9,0.612332166642546,0.365830191865196
"518","46","P46_3","2",77.63,2.00557952427656,23.5335212503073,"1","0",10,0.342506120932381,0.192544387038085
"519","46","P46_30","2",115.06,2.07595216910089,26.4074643870269,"1","0",9,0.225115899901889,0.391343595948189
"520","46","P46_31","4",52.77,0.566174533912642,18.4251149861324,"0","0",9,0.349090160883138,0.0680880841095983
"521","46","P46_32","1",64.85,2.19229237982132,18.6188427471808,"1","1",9,0.340742729105341,0.539695970226839
"522","46","P46_4","3",17.24,2.47712896082049,17.7540014013743,"0","1",10,1.02918792627746,0.958447055032094
"523","46","P46_5","4",117.09,0.375696352042702,26.3867238445678,"0","0",11,0.225332696702003,0.0375351659227203
"524","46","P46_6","3",37.49,1.16002279556226,22.2143563447775,"0","1",11,0.592327176701665,0.330189906467342
"525","46","P46_7","2",240.29,2.00069118654811,41.64867251375,"1","0",11,0.202282128395522,0.213959489294757
"526","46","P46_8","1",41.45,2.82842712474619,24.8421147364038,"1","1",11,0.598644019331598,0.332601194671423
"527","46","P46_9","1",57.2,2.03359649595552,29.0930146477901,"1","1",3,0.508523492884606,0.262682874003247
"528","47","P47_1","2",273.24,2.03235413411592,33.7479884375636,"1","0",10,0.130051832652828,0.228086818301139
"529","47","P47_10","3",80.38,1.91505326203408,30.4869766924009,"0","1",3,0.366518556458124,0.140006678275104
"530","47","P47_11","1",74.56,0.403252571734185,28.3592897467369,"1","1",3,0.38031512361167,0.0903551133023607
"531","47","P47_12","2",421.26,1.84651559443709,52.3467999439913,"1","0",3,0.235644643329279,0.253573589320506
"532","47","P47_13","2",215.34,2.48049228027988,40.9291736318573,"1","0",5,0.231023976724784,0.34713918829021
"533","47","P47_14","1",51.05,0.327344269899374,19.2415612441783,"1","1",5,0.376846334874331,0.0915065195577162
"534","47","P47_15","4",55.14,1.01218364471076,31.5329461687743,"0","0",5,0.555639874928983,0.266359196373382
"535","47","P47_16","3",29.38,0.931271492406075,18.8580728470755,"0","1",5,0.641657723434482,0.207626268838609
"536","47","P47_17","3",59.68,0.87846926234281,19.8069726204302,"0","1",6,0.33183013860369,0.0739991789416409
"537","47","P47_18","4",25.03,1.15770781934615,19.7738567425749,"0","0",6,0.789727256945273,0.309923275798768
"538","47","P47_19","1",36.27,0.608832023930693,19.4259604493868,"1","1",6,0.535442557595693,0.156859182271108
"539","47","P47_2","3",41.24,0.537330624607145,17.8799785071797,"0","1",10,0.43346330968187,0.0854827636486962
"540","47","P47_20","2",152.47,2.08142307847107,23.156748583846,"1","0",6,0.183620501695562,0.321248561526623
"541","47","P47_21","4",45.79,1.07550930182788,20.7484414497689,"0","0",7,0.452512545886776,0.24787453277761
"542","47","P47_22","3",43.37,0.678291793742247,19.9217363222713,"0","1",7,0.456147849647697,0.173126742260841
"543","47","P47_23","2",240.62,2.18907572200318,36.6570021122322,"1","0",7,0.218525381568293,0.312973474075273
"544","47","P47_24","1",38.6,1.9222004713178,17.6669661934435,"1","1",7,0.45745655592786,0.14712109986827
"545","47","P47_25","4",66.44,1.04332142802275,23.4675540235293,"0","0",8,0.350341499775675,0.255809853501251
"546","47","P47_26","3",36.66,0.68622350891153,17.9294925432142,"0","1",8,0.488921775365086,0.191658646031582
"547","47","P47_27","1",34.9,0.523153744990647,18.3594525836287,"1","1",8,0.525911115371146,0.17044198888042
"548","47","P47_28","2",163.33,2.11076946635905,24.4810472188019,"1","0",8,0.14843748325724,0.278244517685244
"549","47","P47_29","3",44.89,0.63601151630118,17.907802117839,"0","1",9,0.398861020719997,0.114787985916712
"550","47","P47_30","1",47.4,0.506662303134645,18.8810320502514,"1","1",9,0.398033656344478,0.10015471581274
"551","47","P47_31","4",30.77,1.05972296966308,18.4002410007523,"0","0",9,0.597811730314555,0.230187725510054
"552","47","P47_32","2",185.11,1.88834871398616,31.1241975322691,"1","0",9,0.262570920583112,0.255787458133263
"553","47","P47_4","1",49.38,1.73789660595664,19.4233238544864,"1","1",10,0.393197561754732,0.186705850068183
"554","47","P47_5","3",61.93,0.736282436391005,23.1558511087023,"0","1",11,0.373838579272354,0.105491701779108
"555","47","P47_6","1",48.93,1.65665579219071,23.2948499259055,"1","1",11,0.476430023428151,0.197634233369937
"556","47","P47_7","4",51.78,1.98568696671757,38.8790865878424,"0","0",11,0.749737800413705,0.466688841090966
"557","47","P47_9","4",92.68,2.04841886308903,31.9913354095653,"0","0",3,0.343737074238046,0.168178599788939
"558","48","P48_1","3",18.76,1.93940988370076,17.2214463010967,"0","1",10,0.917517485243076,0.973638258932628
"559","48","P48_10","4",65.31,1.61709075636022,42.3571501571081,"0","0",3,0.636582010555618,0.477454239234383
"560","48","P48_11","2",159.39,2.49407203957298,34.5749852582912,"1","0",3,0.217006923688087,0.181127966652087
"561","48","P48_12","3",25.7,2.40029069861533,27.4723005123799,"0","1",3,1.06859423084294,1.28498332843791
"562","48","P48_13","4",26.68,1.3789401222041,19.4925854332423,"0","0",5,0.730437161360322,0.490885877678651
"563","48","P48_14","1",17.22,1.75560144605406,19.145576300307,"1","1",5,1.11118569750719,1.19395770497686
"564","48","P48_15","3",20.66,2.03135445160905,18.9461978262794,"0","1",5,0.916548903687842,0.891287268896446
"565","48","P48_17","1",17.34,1.90833093984969,18.9621595853014,"1","1",6,1.0929611758608,1.09387294551135
"566","48","P48_18","3",17.91,2.14012847767441,18.7563790120413,"0","1",6,1.04676099672492,1.20984582447099
"567","48","P48_2","4",24.16,1.73938274574088,18.1621989055627,"0","0",10,0.751429749911597,0.609785337141529
"568","48","P48_20","4",27.22,1.37277809667923,20.0401532961723,"0","0",6,0.736021936972808,0.468187668328984
"569","48","P48_21","3",19.36,2.05266471974242,17.2069893368605,"0","1",7,0.88840934239045,0.898401469888451
"570","48","P48_22","4",35.16,0.898357799790375,21.2340838885414,"0","0",7,0.599719623667771,0.310345961917924
"571","48","P48_23","2",102.14,0.303882946670965,19.4084414792161,"1","0",7,0.18998541802417,0.0597696883286033
"572","48","P48_24","1",34.52,2.82842712474619,18.428319145964,"1","1",7,0.533839561689702,1.34825476120088
"573","48","P48_26","3",19.85,2.01792743493483,17.749057526748,"0","1",8,0.893676411775759,0.982581165609532
"574","48","P48_27","1",22.53,2.34357810575302,18.3298043952947,"1","1",8,1.18834028864151,1.10384625595986
"575","48","P48_28","2",159.18,2.82842712474619,24.6370781858706,"1","0",8,0.15911414623709,0.61670979652026
"576","48","P48_29","2",72.74,2.28483004758705,19.0423897776211,"1","0",9,0.261668491614428,0.291798736381717
"577","48","P48_3","2",101.14,2.07743443344042,21.7078704302683,"1","0",10,0.214567507558006,0.234330325799803
"578","48","P48_31","3",19.62,2.15288638203193,17.8526429926531,"0","1",9,0.909502963336991,1.0968476014309
"579","48","P48_32","1",20.68,2.82842712474619,17.9549374271898,"1","1",9,0.8650923985749,1.34061564756287
"580","48","P48_4","1",22.46,2.08498908514846,18.8060323166062,"1","1",10,0.83701711839964,0.802522529702464
"581","48","P48_5","1",24.1,1.6659699842322,22.60233647222,"1","1",11,0.937540376673309,0.997385940803545
"582","48","P48_6","4",35.11,1.14728491384089,25.132301973762,"0","0",11,0.715623030893177,0.601563440812809
"583","48","P48_7","3",22.42,2.23887988381391,22.6472857453027,"0","1",11,1.00973765055432,1.22023873857735
"584","48","P48_9","1",27.36,1.88418754866635,28.4776019252283,"1","1",3,1.04045900640769,1.0195276588926
