participant_number,map,rotation,vision,haptic,average_dist_to_nearest_obstacle,time_through_maze,path_length,average_velocity,area_between_lead_and_robot,condition
1,3,0,1,1,0.873993084477195,47.01,28.4366513515856,0.586593551708803,2.75536436961971,1
1,3,90,0,0,0.784508865139988,36.03,14.7957301048621,0.817532315817607,1.70574289043005,4
1,3,180,1,0,0.938807367797302,24.68,29.2912486627091,1.13922738256394,2.95358853656448,3
1,3,180,0,1,0.664781858339978,123.57,52.6735647753635,0.336321544769463,22.1886988795712,2
1,5,0,1,0,0.923817780795968,20.9,15.1092306059955,0.915235370840078,1.0893813324093,3
1,5,0,0,1,0.785929818564422,42.22,15.8957277511081,0.50043881164383,5.06071909341174,2
1,5,90,0,0,0.778212274006517,23.73,14.4566789441329,0.820448308958086,0.954502355812949,4
1,5,270,1,1,0.848879781341287,33.92,14.2773001054839,0.553019415387032,1.51189818337219,1
1,6,0,0,0,0.829906070972817,27.88,14.4112017111589,0.710014129713348,0.595870770874116,4
1,6,180,1,0,0.907629029935568,16.59,14.5701644146459,1.13357043598948,1.83534754481354,3
1,6,270,1,1,0.87527560744264,31.02,14.829304385472,0.633386191973135,1.86666293719586,1
1,6,270,0,1,0.799684154064639,35.28,15.3424265221058,0.562829007561291,6.26596339369054,2
1,7,0,0,1,0.752690221714117,54.89,17.9880448278911,0.368571232770356,3.81239743472595,2
1,7,90,1,0,0.865614975655672,19.33,14.1789885698049,0.897043929373599,1.80017474963606,3
1,7,270,1,1,0.806294373893518,33.1,14.4758761703561,0.555993158251725,1.88777266794406,1
1,7,270,0,0,0.812434990812558,28.09,14.3037215939808,0.68908990587007,1.03752823723737,4
1,8,0,0,0,0.788304105581896,32.21,16.1312396809537,0.61998070597857,1.01659612641446,4
1,8,180,1,1,0.831612177904028,23.5,15.0038843691938,0.786853427067434,2.08407017891403,1
1,8,180,1,0,0.900358686615432,19.15,14.5081813763929,0.914046915769256,2.13323473405286,3
1,8,270,0,1,0.787313140548341,88.58,23.3791312751689,0.289746322718378,4.56416747104856,2
1,9,0,0,1,0.751133680975631,44.14,18.3398958176197,0.462099283529909,3.43234084247137,2
1,9,90,1,0,0.840155520468112,33.89,14.8753154401924,0.543351069193967,1.10936792095174,3
1,9,90,0,0,0.807744308611212,38.84,15.8068127520978,0.71989654721075,1.30869179962764,4
1,9,270,1,1,0.798460748870333,40.12,14.5827851484991,0.505041823808097,2.32869588156778,1
1,10,90,0,1,0.700112799225452,40.17,16.122907973235,0.487268618411181,7.86770274486621,2
1,10,90,0,0,0.820227313007072,35.56,14.3396100622146,0.519823930074975,0.663952030583545,4
1,10,270,1,1,0.901463586451723,24.21,14.7888033979313,0.751187877891521,1.5977374326408,1
1,10,270,1,0,0.902498903246218,19.32,14.1920527345875,0.915346107301663,1.8895168983945,3
1,11,90,1,1,0.816969213331412,35.35,14.4833533024745,0.651203316523763,1.54007604101448,1
1,11,90,0,1,0.617269450928113,63.57,27.7501753383813,0.430226490230587,17.6331358742722,2
1,11,180,0,0,0.780181628256943,33.1,29.5679593271718,0.855078251125,1.77339009232757,4
1,11,270,1,0,0.926730241934788,24.17,14.9811568065954,0.934867383668399,2.41640634661104,3
2,3,90,1,1,0.710822057134505,28.01,14.650338947051,1.03486590069961,9.36354794668483,2
2,3,90,1,0,0.826587802553867,24.1,14.272047236008,1.1296714429311,1.61145407785079,3
2,3,90,0,0,0.780057831772203,51.16,16.2035363620571,0.986920151372769,4.05384981948288,4
2,5,180,1,1,0.742605229600029,25.14,17.641798847212,0.816410920016873,4.66118968619651,2
2,5,180,0,0,0.872820021880289,16.23,15.2774231452312,1.20260615468859,1.18593659522034,4
2,5,270,1,0,0.864206777962284,16.41,14.1138861822231,1.16176389769871,1.19182152571441,3
2,6,0,0,1,0.720713094845168,30.43,16.9426196386278,0.719963690579319,6.1479345203025,1
2,6,0,1,0,0.845344966605518,17.22,15.1948568374852,1.09820813632257,1.34192976185759,3
2,6,90,0,0,0.812932055847821,21.73,14.1257386478786,0.933537673981073,0.562263892682097,4
2,6,180,1,1,0.753728670214897,15.45,15.7452442680953,1.22988631434276,8.19005083087738,2
2,7,0,0,0,0.838106755155186,28.22,17.9484811149903,0.764133407094003,1.00162446971589,4
2,7,90,1,1,0.775926937124647,20.26,14.434043865638,0.876168237160479,3.09967084555637,2
2,7,180,0,1,0.695215734832993,30.14,19.8594762291303,0.734703557944465,12.5382457128933,1
2,7,270,1,0,0.9160456443389,17.49,15.2392041817901,1.07995951290529,2.34262465729105,3
2,8,0,1,1,0.747906055070381,20.78,14.6412582998389,0.838402344405013,4.2461541464732,2
2,8,90,1,0,0.851719266935539,15.11,14.1266716855273,1.18206251299388,2.87636782671126,3
2,8,180,0,1,0.677614976800015,54.97,31.6897123730781,0.590267459389044,8.71443103365304,1
2,8,270,0,0,0.806099615887127,36.41,15.3196327490012,0.833828527909346,1.97539696167962,4
2,9,180,1,1,0.762214047268036,18.3,17.2456788133551,1.10163007208111,6.14295254538576,2
2,9,180,0,0,0.809839377746084,31.46,30.925400283507,0.966619006992593,2.83587562727221,4
2,9,270,0,1,0.733917136013415,39.42,19.7284703342203,0.596573956126576,8.11188512380505,1
2,9,270,1,0,0.869886650252076,19.27,14.5118048185839,0.989185421502859,1.9251596729169,3
2,10,0,1,1,0.790119140551462,23.66,15.3531918752818,0.836875775734198,4.80993638660659,2
2,10,180,0,0,0.794703353939633,40.04,32.1534860146222,0.772449884735815,3.11713814687008,4
2,10,270,0,1,0.734593810505419,34.52,15.59501478289,0.627012570606492,6.61212164388742,1
2,10,270,1,0,0.893498899320626,17.75,15.7388440455775,1.14021769420166,3.50993163121426,3
2,11,0,0,1,0.727594278784022,49.31,31.1180525255103,0.616750154358176,9.71487759677937,1
2,11,0,1,0,0.871735587193598,23.77,22.4046027131665,1.01179290655162,1.75465185636305,3
2,11,180,1,1,0.802659279268758,25.1,22.696089375229,0.942261156983935,3.09356448848494,2
2,11,180,0,0,0.797563621883255,41.89,36.4056443113456,0.808017217275047,3.66374120414651,4
3,3,90,1,1,0.694577799553509,23.47,15.3408024284666,1.17526914620074,12.8592848877323,1
3,3,270,0,1,0.876559550327828,24.86,14.1274029384933,1.12557137286236,3.05819629312317,3
3,3,270,1,0,0.899132287828331,24.22,15.0406069416622,1.15201701084806,2.99928050345419,2
3,5,0,1,0,0.876325605172874,18.19,16.8846272052838,1.09546527924075,1.7117128288087,2
3,5,90,0,1,0.900341212867523,14.65,14.3696002713401,1.28904224673062,1.90246622855324,3
3,5,270,1,1,0.788254970300331,18.25,14.5724558077031,1.06205166524691,4.59293696809092,1
3,6,90,1,0,0.912117443458457,17.13,14.2666313940033,1.11664603353924,1.97592227082394,2
3,6,180,0,0,0.526899091124566,22.48,36.6841136334184,0.743735546889318,22.302501575713,4
3,6,270,1,1,0.877218888236722,17.41,14.5073810316044,1.13960545774936,2.53608714436082,1
3,6,270,0,1,0.940150346244343,15.64,14.224437809558,1.22911693469782,1.67232145840653,3
3,7,0,1,1,0.830184795040331,18.2,14.6527924448137,0.997818014278345,3.34103241875009,1
3,7,90,0,1,0.890711397933294,13.99,14.1842064659121,1.26791943810156,3.27072848753908,3
3,8,90,0,1,0.923520307080656,14.91,14.7829220650549,1.18662105484428,3.35966234415919,3
3,8,180,1,0,0.861541602798067,15.34,14.4462028459346,1.15877040603177,3.21230036564485,2
3,8,270,1,1,0.845785243715508,19.77,15.2402824308491,0.974228008280662,5.12429081547534,1
3,9,0,0,1,0.886093558696972,16.91,15.3986030308318,1.08560371401002,2.6874277329818,3
3,9,180,1,0,0.895051566720547,15.58,14.8734450690223,1.14497508415163,3.31959444846565,2
3,9,270,1,1,0.856234198593376,18.43,15.8493659927566,1.04156804090759,3.84262733374994,1
3,10,0,1,1,0.737477698879387,18.89,16.2365591765344,1.02561437592789,7.08241467120579,1
3,10,180,0,1,0.909700523002442,15.5,14.6422824876882,1.16205104359658,3.06775032222016,3
3,10,180,1,0,0.914900143476999,15.41,14.6396719983576,1.15845169606367,3.57483417097801,2
3,11,90,0,1,0.874823948348346,19.1,14.4431271204357,1.17940664390657,3.30548100037363,3
3,11,180,1,0,0.84410848965495,19.02,21.1735715604901,1.17779776498452,2.80827145838124,2
3,11,270,1,1,0.838358550610512,21.84,15.9313687214652,1.05745629517194,3.67251653192111,1
4,3,90,0,0,0.772108517967498,41.35,15.2394323413433,0.889421404357952,2.35482641520241,4
4,3,270,1,0,0.859030564406294,30.37,14.701524232281,0.990441144843335,1.79322517571087,2
4,3,270,1,1,0.874440367404204,29.98,15.9365763503556,0.973048067544729,3.00117192343398,3
4,5,180,1,0,0.866305331040373,15.81,14.6870038752476,1.21214844139874,1.37815823592917,2
4,5,270,1,1,0.777017313617295,21.72,14.2187431219012,0.929242048084765,2.9117158608911,3
4,5,270,0,0,0.760638289872278,26.57,15.1761255768981,0.891643907173462,1.42167166628244,4
4,6,90,0,0,0.785422030654863,21.02,14.5601781964493,0.907128557487912,1.75447155463625,4
4,6,180,1,0,0.875832282331644,15.75,14.5277042541271,1.18565885805244,1.76458499264259,2
4,6,180,1,1,0.789931499061458,16.66,15.0426519043293,1.13052881707359,3.69032537218766,3
4,7,0,1,0,0.81477661809985,21.92,20.6192621596779,1.01638684681545,2.1815572001103,2
4,7,0,1,1,0.735831529677024,21.39,17.0715282130781,0.927270319162793,7.31967474960025,3
4,7,180,0,0,0.766966599497368,27.34,20.2487196779794,0.808089158654685,2.24079040288439,4
4,8,180,1,1,0.836021513777497,18.74,16.1071479081064,0.983582831163453,3.50592948123343,3
4,8,270,0,0,0.594755858427901,120.24,88.6317418206653,0.355539169759036,2.97336730029296,4
4,9,90,0,0,0.780389239744043,30.52,14.781405159157,0.653526679010794,1.30554691620952,4
4,9,180,1,1,0.799589547234622,17.56,15.2419695488477,1.07553224887806,4.42565221129994,3
4,9,270,1,0,0.922490200378311,22.66,14.1332714132683,0.856335579550695,1.71228368816394,2
4,10,90,1,0,0.897963410821681,18.68,14.5065391590392,1.02957776565462,2.36686423462576,2
4,10,90,0,0,0.756661572438937,20.53,14.4836770805157,0.860382251634695,2.64688803517768,4
4,10,270,1,1,0.885115935296075,16.43,15.6547372358296,1.10454096627623,3.26008719683048,3
4,11,0,0,0,0.75508221610761,50.39,26.2500042695206,0.522409210475531,1.80425131805109,4
4,11,90,1,0,0.894556420467526,20.4,14.1405668122956,1.12677282447074,2.54623806700163,2
4,11,90,1,1,0.770185289520757,23.77,14.6743165821583,1.02136820101015,6.01710667207594,3
5,3,90,0,1,0.796644031512582,43.45,14.8340632985482,0.688224647225016,6.58185149598881,2
5,3,90,0,0,0.832304593029307,49.22,14.1919121046784,0.570333684831612,0.570472256707859,4
5,3,270,1,0,0.899764325285087,31.61,14.1347960585607,0.879651164645299,1.64720176897396,1
5,3,270,1,1,0.846149336682349,34.57,15.5520095625226,0.826260569366797,3.82709272731965,3
5,5,0,0,0,0.830483081155601,33.32,16.2657707144605,0.627049787227833,0.271351293307814,4
5,5,90,0,1,0.786550535135427,35.99,14.9338349802391,0.544787809873331,5.48738113697646,2
5,5,90,1,1,0.809635621252201,22.45,15.4966322633588,0.851311634718266,2.63406167043875,3
5,5,180,1,0,0.907000016396303,22.96,14.9301931075691,0.835281507552953,0.964077670237587,1
5,6,0,1,1,0.947094945457018,22.28,15.3006645595114,0.893159090104376,1.02531175333942,3
5,6,90,1,0,0.92287021539148,20.55,14.1361996075743,0.941317701400605,0.933502064319962,1
5,6,180,0,1,0.497893331789085,34.56,31.165703980805,0.395519412272169,21.0099181719429,2
5,6,270,0,0,0.805220870627273,25.33,14.4145687108045,0.763433814922036,0.803100670582749,4
5,7,0,1,0,0.830384621187116,23.05,14.2589978584356,0.777182587135223,1.07258084596931,1
5,7,180,0,0,0.832007957380072,28.79,14.4810946429294,0.660438565679859,0.773927263558002,4
5,7,270,0,1,0.70870085946356,33.18,25.2028708394856,0.559784849993498,6.39795161765183,2
5,7,270,1,1,0.83936567557317,20.72,14.1301141532102,0.837476974640896,1.72994274101936,3
5,8,0,1,1,0.871382731905447,28.38,14.6111291740843,0.677264783694577,1.54188602031237,3
5,8,0,0,0,0.904698330246419,36.65,14.846904071594,0.529956500530133,0.367253632395782,4
5,8,180,1,0,0.922456822256547,21.88,14.8819409852223,0.82539087635553,1.57945344259898,1
5,9,0,1,0,0.880254529184067,26.59,14.830517075524,0.710798142508047,0.913698029240423,1
5,9,0,0,1,0.752851585671595,35.56,15.3953370043707,0.543037190340016,4.23649683551,2
5,9,180,0,0,0.761908408633462,34.92,15.0755937296801,0.543679579126236,1.18511626639991,4
5,9,270,1,1,0.872747423741059,20.52,14.2920690944006,0.877553990941981,1.84695605626294,3
5,10,0,1,0,0.878661264820859,20.72,13.9531476182532,0.870217173844124,1.3529920982725,1
5,10,90,0,0,0.805702692813876,47.21,15.7002988125569,0.586944963633762,1.06517738761165,4
5,10,270,1,1,0.878261864608404,22.65,14.5257287091393,0.78811779422853,1.49812872269425,3
5,11,0,0,1,0.680286929148678,40.05,23.6438317782525,0.63477998363673,11.592501296298,2
5,11,90,1,1,0.836521903013857,27.31,14.31162262409,0.845199055261895,2.74535883078848,3
5,11,180,0,0,0.844413121646123,39.5,24.4790590568503,0.661329188511665,0.611489497699285,4
5,11,270,1,0,0.902380861914269,26.13,14.8127830774615,0.908447281351323,1.78732234443848,1
6,3,90,1,1,0.831745798053995,29.49,14.8183875957817,0.980042293473964,6.77460693792814,1
6,3,180,1,0,0.840552868772268,23.5,28.6103978428768,1.18973535455187,3.6797506937641,4
6,3,270,0,0,0.775940642601233,29.01,14.7756790247347,1.05386604401671,2.66159179318219,3
6,5,0,0,1,0.799386963784823,32.89,15.7957876353503,0.639357294295902,5.73518636175417,2
6,5,90,0,0,0.792386132152848,22.64,14.7459432141387,0.916944288410608,1.20198778606483,3
6,5,180,1,0,0.845493693319234,16.02,15.0337492251944,1.19845303538722,2.14085298047873,4
6,5,270,1,1,0.712041237872863,22.2,16.639927214478,0.921378589908725,9.56120315415654,1
6,6,180,1,0,0.885939808566544,17.38,16.5481955987275,1.16927626504137,2.19795843774232,4
6,6,270,1,1,0.735297703586691,24.76,16.5127321256534,0.796537729338142,6.30684735694439,1
6,6,270,0,0,0.853634720811437,17.43,15.3574623468178,1.14034085209017,1.6277383797358,3
6,7,0,1,1,0.796794389081046,19.43,16.7135334740052,0.951226575163021,4.9591121003334,1
6,7,0,0,1,0.735856703006387,28.99,17.1933675169412,0.709605332836061,7.40989721304034,2
6,7,90,0,0,0.760748658132613,28.21,14.799066829498,0.701700124599639,2.64134239401987,3
6,7,90,1,0,0.885527488601297,16.12,14.2088900736388,1.13004792950937,2.242193214283,4
6,8,90,0,0,0.768808692215409,26.26,14.8436193505404,0.808962461475322,1.98708606443634,3
6,8,270,1,0,0.843314637052994,16.01,14.3467063186448,1.11805596276325,2.79625994853657,4
6,9,0,0,0,0.769051024079539,22.19,16.9837352844321,0.871765494187489,1.71496898447683,3
6,9,90,1,0,0.835364702016802,15.44,15.2693861349282,1.1562473420427,3.29117851809597,4
6,9,270,1,1,0.905867106463077,32.61,14.6965672577143,0.567923047574531,1.13672988330678,1
6,10,0,1,1,0.81196576789362,20.67,16.3183078530316,0.928234685300261,5.8672110239537,1
6,10,180,0,0,0.784942685315965,18.08,16.7513351758457,1.06190733447214,2.50967016569672,3
6,10,270,1,0,0.785498480564929,18.14,14.6958386784527,1.00702788685378,3.35649164033184,4
6,11,0,1,0,0.815777856575081,19.13,24.8985588511488,1.27841690486879,3.46586034640861,4
6,11,90,0,0,0.767736396585194,29.98,15.3119594381374,0.862381217829423,2.75961423075409,3
6,11,180,0,1,0.682168274634708,48.45,25.4598920417476,0.537978482357311,13.2013789438986,2
6,11,270,1,1,0.6431868671425,30.6,21.5076883392795,0.85868466639816,11.7836586963789,1
7,3,0,1,0,0.864171712404801,35.32,28.98520007984,0.792428976705775,1.13301132423922,4
7,3,90,0,0,0.83069486302656,50.44,15.494716090668,0.581256461624709,1.02603761714981,3
7,3,180,0,1,0.737936371578875,65.76,36.9150408335586,0.521121581197126,7.54379653093869,1
7,3,180,1,1,0.887818727076711,37.7,29.7207175733805,0.779732134937406,2.01528089412831,2
7,5,0,1,0,0.91586230528603,22.53,14.1624941133798,0.829686736241967,0.540239975356644,4
7,5,90,0,1,0.750465574576012,29.18,14.5676610129013,0.662355323160214,5.75930999014673,1
7,5,180,0,0,0.818334458085003,22.42,14.2619732202205,0.868193516051376,0.222388766125937,3
7,5,270,1,1,0.947625963194915,28.08,15.3349424508869,0.699550470558575,0.774885871306159,2
7,6,0,0,1,0.761474367694563,35.98,16.0788383958568,0.561113282189329,6.66723973292114,1
7,6,0,1,1,0.77555692034368,29.87,15.4231089231343,0.628843668198582,2.08565784929189,2
7,6,0,0,0,0.884353033425459,31.95,14.8078500975541,0.611029189305663,0.23182239169269,3
7,6,270,1,0,0.909276688460948,21.67,14.1287878294051,0.871574005953429,0.868078279387342,4
7,7,0,1,1,0.895546688806301,30.85,16.319912805401,0.614354737575631,1.29753575612404,2
7,7,180,0,0,0.830451410837266,27.32,14.7875279615004,0.722044029703998,1.16339866258736,3
7,7,270,0,1,0.815197208018711,33.74,14.5796587128447,0.55993100072216,2.89492810049321,1
7,7,270,1,0,0.894888993420977,21.8,14.1425446681557,0.836408910026113,1.30621865632296,4
7,8,0,0,1,0.734047831569982,40.21,15.2633462895664,0.460382990974662,3.99435696223242,1
7,8,0,1,1,0.863627103432304,25.52,15.1967358215187,0.718846056219709,1.55523941526068,2
7,8,180,0,0,0.814738853555948,32.96,14.7218790757233,0.579347221332987,0.558058716922907,3
7,8,270,1,0,0.926439872074735,27.01,14.1689175755698,0.66313471524993,1.007679468631,4
7,9,0,0,0,0.882632748331633,33.91,16.5390463445757,0.604373475287329,0.50122842290476,3
7,9,90,0,1,0.743832817595101,36.21,16.4441028878132,0.532218078696329,5.17266031072926,1
7,9,90,1,1,0.879866175399353,26.78,14.6888782327206,0.716156024848233,1.09311144852196,2
7,9,90,1,0,0.892125093199027,21.41,14.2041960688166,0.844558573752891,1.64911512368442,4
7,10,0,1,0,0.846271751291907,28.36,13.7531488001277,0.618777496844485,0.721769949751245,4
7,10,90,0,1,0.735181822047091,34.9,15.3728411208345,0.550556508664798,6.31341022288981,1
7,10,90,0,0,0.853425552519747,31.1,14.3325878429255,0.640126562182351,0.696347805389247,3
7,10,270,1,1,0.918420791243457,25.55,15.2796379875495,0.723473902306621,1.61532013592627,2
7,11,180,1,1,0.881292130932107,28.76,22.606186049975,0.807797203067217,1.67726545688372,2
7,11,180,0,0,0.81487420541264,54.01,29.3066235734481,0.532772461565129,1.18010331236147,3
7,11,270,0,1,0.778118876771144,52.5,16.0927282952577,0.506435277549149,3.77201702248582,1
7,11,270,1,0,0.903964364613595,25.84,14.1239057737319,0.884997754631923,1.43874721936859,4
8,3,0,1,1,0.766822313248393,42.44,29.8876920717457,0.685646297814745,7.01512583833064,1
8,3,0,0,1,0.739250934960379,55.47,34.2969461655548,0.606079765134963,7.38194734642794,3
8,3,0,1,0,0.832794455046902,34.94,29.2139776743143,0.829705435255848,2.03941369071874,4
8,3,90,0,0,0.854158373079709,44.09,14.3607027185864,0.756664616808864,0.862052095175236,2
8,5,90,1,1,0.791348152492015,22.69,15.1391204389322,0.830410554710293,3.55177558392633,1
8,5,90,0,1,0.651563986284397,35.94,16.3679873874093,0.594313082683372,13.8533945293868,3
8,5,270,0,0,0.814922285553332,25.75,14.2463582839971,0.814118497956676,0.514626493563684,2
8,5,270,1,0,0.827022303742078,20.83,15.431328882835,0.936667838065989,1.03045712655841,4
8,6,0,0,1,0.698883041752586,53.22,22.0639547217937,0.435980039938664,9.34621267850931,3
8,6,90,0,0,0.807080115227371,26.16,14.1218599080109,0.752108870528576,0.498170530307087,2
8,6,180,1,1,0.698811804101967,18.97,16.1664875841447,1.03483172167577,9.17675802852044,1
8,6,270,1,0,0.840703076946401,17.47,14.2184816994028,1.09169780016446,1.27667965959185,4
8,7,90,0,0,0.834422374116076,22.73,14.6441979048579,0.905799155749214,1.81236968209494,2
8,7,90,1,0,0.825221481344866,24.48,14.2029406879157,0.741512711060126,1.0627995043042,4
8,7,180,1,1,0.708996870041926,27.37,18.5097342298995,0.776828626491656,9.64862110182647,1
8,7,270,0,1,0.618218103021397,38.42,15.452433233915,0.655865746800505,13.315209764999,3
8,8,90,0,0,0.787222034889617,36.11,16.1990636881627,0.637506081127615,2.03312591659663,2
8,8,180,1,1,0.721813580410815,20.03,17.5842852077173,1.00047127051152,10.4854273713478,1
8,8,180,0,1,0.626603349361751,35,17.7112115658042,0.570170220546044,11.9200822952441,3
8,8,180,1,0,0.852678291214732,19.59,15.0504464161421,0.966752768645576,1.52291498724609,4
8,9,0,0,1,0.735109635052675,66.15,22.6635086333424,0.431034933062406,6.10704111743631,3
8,9,0,1,0,0.850826121290383,26.65,15.0793364366423,0.716701477685566,1.4248838125478,4
8,9,270,1,1,0.753466499615256,21.91,14.6861901757765,0.89035867809308,6.5771255324475,1
8,9,270,0,0,0.842852702937142,34.66,15.0550740340164,0.728397481552052,1.671560249945,2
8,10,0,0,0,0.834672602455783,32.3,18.8834882827786,0.675306103158869,1.0954004701679,2
8,10,0,0,1,0.735848596159536,45.11,28.6999517950064,0.637357072737064,11.1904871916749,3
8,10,180,1,1,0.871875775477819,17.63,15.9184379546439,1.07767604836565,3.64505552374771,1
8,10,270,1,0,0.890127963945991,18.7,14.3363420687353,0.988109999326311,2.33821457069661,4
8,11,0,0,1,0.689116316113464,64.12,34.5021844938277,0.476692412664203,11.2621009212586,3
8,11,180,1,0,0.815976327897742,28.85,22.8816615359652,0.846409475980025,2.34000410575663,4
8,11,270,1,1,0.808917844685499,33.38,15.5040953491073,0.726526276313266,4.15244245742294,1
8,11,270,0,0,0.819653871349411,35.18,14.784919791219,0.797120107028951,1.21730292963504,2
9,3,90,0,0,0.848088651226595,52.5,15.9215623470052,0.667088370574448,1.29282886157192,1
9,3,180,1,0,0.787185538778934,33.25,27.2746468847579,0.827025465769375,1.76811281609778,4
9,3,270,1,1,0.859280645579451,42.48,14.2662094568523,0.689458091185626,3.33815292407465,2
9,3,270,0,1,0.676839219812206,57.42,16.6692636423343,0.51157342724717,14.8286832492205,3
9,5,0,1,1,0.791447312963183,29.91,13.9302203001227,0.632423547601048,2.23712893732449,2
9,5,90,0,1,0.734323919419266,80.45,20.7013560917313,0.332141088220664,3.63407345106873,3
9,5,180,1,0,0.891108598144559,26.26,14.9072036795687,0.712728850246627,0.661749671426838,4
9,5,270,0,0,0.762389508073872,33.67,14.906474975052,0.755465700725257,1.19609287939766,1
9,6,90,1,1,0.763628487704982,25.61,15.6377277094721,0.792032511128073,3.7145042591894,2
9,6,180,1,0,0.877619622636025,26.92,14.9119675134619,0.712008414133082,0.633453218196303,4
9,6,270,0,0,0.762537503095973,29.04,14.7772730377809,0.696656172817317,1.06835110135023,1
9,6,270,0,1,0.683863858361281,34.65,15.5863734854629,0.548326124757453,8.75140557162844,3
9,7,0,0,0,0.754248591504883,28.62,27.8191017357024,0.944703951926628,4.21119251341135,1
9,7,0,1,1,0.790986871175804,27.89,14.8489086277455,0.661753426330721,2.97616245572898,2
9,7,90,0,1,0.705553301088759,52.36,17.2338450783742,0.394038682828208,9.13968253890942,3
9,7,90,1,0,0.88367691123909,21.29,14.5118863305958,0.867501338991311,1.5645770655926,4
9,8,90,0,1,0.807643881107556,52.73,15.1400807405604,0.37831242685287,3.47429412991327,3
9,8,180,1,1,0.858190121412867,24.46,15.7501570584303,0.758243419574101,2.14601001313019,2
9,8,270,0,0,0.763359241967993,43.8,16.2707563839512,0.768646784170168,1.86831710442719,1
9,8,270,1,0,0.882846247230001,23.3,14.6387462192844,0.910225616674957,1.8112278820912,4
9,9,0,0,1,0.73523643570339,48.18,19.4640214414283,0.472115527415057,5.57505096866277,3
9,9,90,1,0,0.829253297839858,24.95,14.1256737413469,0.729484834468226,0.890871708457154,4
9,9,180,1,1,0.944625294657021,30.52,15.4155559666332,0.614292837145649,0.728338835947238,2
9,9,270,0,0,0.813079661003877,35.89,15.497882573461,0.629456737636903,1.33819917150099,1
9,10,0,0,0,0.76119030428036,14.53,16.2598106756691,1.28458929495398,3.6751984805996,1
9,10,180,1,1,0.816813294021658,23.58,14.791519746861,0.752637669081071,2.64974003870823,2
9,10,180,0,1,0.733971967621045,62.18,18.7795399460323,0.360746072329873,4.09864359359261,3
9,10,270,1,0,0.885142957624136,23.16,14.1220010836469,0.796715469468436,1.28715890016195,4
9,11,0,1,0,0.793463638940814,27.26,21.4688053787681,0.840909821582073,2.08535103008876,4
9,11,90,0,1,0.72043889787998,64.15,16.471615134103,0.391810407598691,6.50286557169142,3
9,11,180,1,1,0.868435557176519,35.63,20.5693383582972,0.629613849911785,1.21669740009428,2
10,3,0,1,0,0.865574197401638,31.3,27.9751987245201,0.901672985347898,1.77358064293488,4
10,3,90,1,1,0.908560405285456,37.25,14.5298337960669,0.76570713873777,1.53005983510875,3
10,3,180,0,1,0.772752639794637,49.77,28.5723297485099,0.575840645849153,8.78810235981448,1
10,3,180,0,0,0.804611145869431,55.27,31.2228172824248,0.545509389487167,0.607622468816956,2
10,5,0,1,0,0.85811053896221,17.44,14.2349213834,1.11676513832445,0.842495423383231,4
10,5,90,0,1,0.733626057916028,37.53,16.9628860653771,0.546838400381352,5.63836797105463,1
10,5,180,1,1,0.910791661950938,26.62,14.783413517418,0.708591930619812,0.699332226010574,3
10,5,270,0,0,0.848756164264697,31.4,14.180054765193,0.653934706361076,0.366894359094366,2
10,6,0,0,1,0.683879908417004,43.7,19.0951253376798,0.502038371950336,5.41786432910289,1
10,6,0,0,0,0.807262300038816,34.78,13.8072701866286,0.549786553931412,0.198047152408932,2
10,6,0,1,1,0.896805056420101,23.95,14.6588129557988,0.802547076611453,1.19467982266031,3
10,6,270,1,0,0.927774364406311,29.44,14.4072397112406,0.656506050913164,0.857778784666253,4
10,7,0,0,0,0.821091146652106,45.1,13.8536635958391,0.411281504354967,0.343244205318713,2
10,7,180,1,1,0.89335775936469,25.89,14.6816477073476,0.694888824729226,1.20948830730104,3
10,7,270,0,1,0.75875815747243,44.05,14.6808071781741,0.439730037149915,4.40776724901217,1
10,7,270,1,0,0.934088425426963,19.94,14.1315152231545,0.90912283937177,1.32010107605384,4
10,8,0,0,1,0.651525228053373,87.74,24.1021797724355,0.250488755516782,6.45022010965331,1
10,8,0,0,0,0.861869525414834,42.34,17.168282678364,0.502942671321644,0.868901048887586,2
10,8,180,1,1,0.840193641972416,27.41,13.9963238493879,0.653890759571135,1.90177616829079,3
10,8,270,1,0,0.914126726623571,18.5,14.1267733057457,0.960926890046754,1.72108630861717,4
10,9,0,1,1,0.842844583175311,21.92,14.1439129987663,0.847583499058458,2.49343733676383,3
10,9,90,0,1,0.781391293813382,42.55,18.3676882664309,0.511378404898883,5.11592267517693,1
10,9,90,0,0,0.823654226526035,58.54,16.0271222447691,0.350697802316299,0.387445850295894,2
10,9,90,1,0,0.863482706030835,21.09,14.2482048927762,0.869344294665244,1.7162787369796,4
10,10,0,1,0,0.872243138375923,18.78,14.898764260841,0.979745961210107,2.76523103002994,4
10,10,90,0,1,0.853952925187819,31.33,14.3426651466534,0.6351406262006,1.70633044859308,1
10,10,90,1,1,0.819739732788231,25.15,14.1368108254847,0.712160633231567,1.96473065421743,3
10,10,270,0,0,0.789971226645325,41.14,14.5928656253331,0.439865785039939,0.725517393171906,2
10,11,180,0,0,0.798259204780679,52.06,24.8219167363118,0.486158653177202,0.612668434131094,2
10,11,180,1,1,0.891890431608163,31.26,21.9023738296115,0.748745905518285,1.08925189643155,3
10,11,270,0,1,0.763711796981862,55.49,18.4654024188741,0.432438411241477,4.42938267620393,1
10,11,270,1,0,0.889848049592818,25.38,14.129747683236,0.905282303684074,1.24626597824054,4
11,3,90,0,0,0.788228889978278,42.78,15.9078557142945,0.984998290522775,3.76189991838786,1
11,3,180,1,0,0.80868093753973,22.36,28.2596292239311,1.23706871454468,3.40377784912911,4
11,3,270,1,1,0.820776629422767,30.77,17.171613535218,0.995247764684016,5.12652773333542,3
11,5,90,1,1,0.817972618063462,16.17,15.7491349517974,1.17450130689085,3.06213237027604,3
11,5,180,1,0,0.820916008581605,16.7,14.7064612098548,1.13969506876762,1.42277099393399,4
11,5,270,0,0,0.83572158602798,25.22,15.9954206276596,0.911745665890282,1.27962865813147,1
11,6,90,0,1,0.590707508317153,13.88,15.2223921432039,1.35140769986119,15.205072514565,2
11,6,180,1,0,0.848738607691369,14.95,14.4400857675457,1.26184641123244,1.88194151305802,4
11,6,270,0,0,0.797771046765656,14.42,14.1906876612509,1.32927295598795,1.69107877003444,1
11,6,270,1,1,0.784704858796548,16.42,14.5363309151978,1.1690044174256,5.34094940470618,3
11,7,0,0,0,0.798182191376184,34.1,27.6288568960534,0.836447899571163,2.75478526785517,1
11,7,0,0,1,0.596039460673167,16.78,19.190218531995,1.12446896256634,17.0556273911398,2
11,7,90,1,1,0.780370045627466,15.14,14.6645251937144,1.17693966581388,6.11582493054133,3
11,7,90,1,0,0.859948787626903,15.97,14.1380613750378,1.10552719528986,2.46645322698184,4
11,8,90,1,1,0.872169337361058,16.91,15.7477152104846,1.06439677117439,3.60553815032088,3
11,8,270,0,0,0.899520427739444,23.84,16.0154635465141,0.973128067565975,1.94259793341646,1
11,8,270,1,0,0.893741486634835,18.89,14.9870993716618,0.992762687904872,1.95904629263091,4
11,9,0,1,1,0.847309799464723,18.47,15.7362660780389,0.984477459754674,3.00263073983095,3
11,9,90,1,0,0.88342965823488,16.44,15.1044787667719,1.14507174287878,2.5336690290261,4
11,9,270,0,0,0.804001895788209,16.16,14.2939452380179,1.16199057280302,2.16779728973918,1
11,10,0,0,0,0.814063719128329,19.5,17.372755579578,1.0310889195708,2.32283225898887,1
11,10,180,1,1,0.716606049134404,14.58,15.2885346025982,1.22322056017985,8.01712740253866,3
11,10,270,1,0,0.897708009411658,15.93,15.4537742024902,1.18016424936393,3.60687634826917,4
11,11,0,1,0,0.878620513441301,21.05,21.5382002885215,1.10685927887699,2.25233953010611,4
11,11,90,1,1,0.835625622050477,20.88,15.9496477382288,1.1024078755344,3.9171755671977,3
11,11,270,0,0,0.852819419349183,39.79,19.3797122069094,0.807197173895598,2.64847592999351,1
12,3,0,0,1,0.765519074332815,76,31.7583451464854,0.411650638063832,8.16950007889737,4
12,3,90,0,0,0.828290529585737,63.78,14.7439245742154,0.515122054637394,1.01130849956499,3
12,3,180,1,1,0.765181831838229,24.87,29.984627526547,1.14406705568574,9.36490265483044,1
12,3,180,1,0,0.937319748467923,23.8,29.06367466166,1.20282542501161,2.78411024855369,2
12,5,0,0,1,0.740104160653908,49.16,24.1434789325659,0.514432707525547,8.80659157373988,4
12,5,90,1,1,0.767333242159443,16.58,16.4338617110141,1.19870270701818,5.37803928690171,1
12,5,180,0,0,0.8162164811917,17.78,14.6645907462904,1.06792978948003,0.720554404909072,3
12,5,270,1,0,0.964391975026368,20.6,14.1356438897969,0.941338575423098,0.894079926295442,2
12,6,0,1,1,0.838801400502442,22.14,14.6847340026639,0.874949603152098,1.4696363921833,1
12,6,0,1,0,0.886974464494669,19.53,14.6843186132645,1.00460011087248,0.958056096522087,2
12,6,0,0,0,0.871198020573294,25.86,15.1911017626224,0.765971446105574,0.808997042380601,3
12,6,270,0,1,0.707327549217522,29.2,14.6713595512289,0.74096352623676,8.85308398494542,4
12,7,0,1,0,0.90495400822726,21.59,15.2684504633736,0.880797561615028,1.88509287115884,2
12,7,180,0,0,0.859076412485275,21.61,15.2753718960605,0.863425125065707,1.64577541416755,3
12,7,270,1,1,0.874453914095624,25.76,17.5032537023489,0.789500021214754,3.35865398165893,1
12,7,270,0,1,0.704588356138701,37.17,19.541560295833,0.55231249629379,6.03293967781098,4
12,8,0,1,1,0.935958109952543,21.38,14.2160456168599,0.864459236600931,1.91864628004098,1
12,8,0,1,0,0.842095757038167,21.4,15.2488819654931,0.86827028024301,1.38174551828923,2
12,8,180,0,0,0.811752712151972,22.17,16.8231188884583,0.894477775065856,1.27380055352145,3
12,8,270,0,1,0.737698451483505,33.75,15.5942736178013,0.66864938032517,9.23631808775806,4
12,9,0,0,0,0.814795567902727,40.36,17.2925480061375,0.526254755515012,1.03632658838369,3
12,9,90,1,1,0.785766654752497,24.28,16.1198535640016,0.765144333857552,5.34932368859775,1
12,9,90,1,0,0.904331120597063,20.66,15.3448334214925,0.891933104738834,1.93558501636072,2
12,9,90,0,1,0.769782474443704,29.08,14.5054018330847,0.692517583694301,4.57207688382958,4
12,10,0,0,1,0.798291097634286,49.45,19.1605880231125,0.475891116144773,2.99073443928644,4
12,10,90,1,1,0.885530454385598,22.33,15.5221126677835,0.844773481913435,2.75159636747829,1
12,10,90,0,0,0.846921945067468,68.78,17.8627778162658,0.420278363997153,0.754440473102135,3
12,10,270,1,0,0.90091827653438,17.08,14.39819780421,1.08586584075873,2.26837935059649,2
12,11,180,1,0,0.919934882905001,20.21,21.3674033697687,1.16353870778579,2.57337558466196,2
12,11,180,0,0,0.824305425666909,25.08,22.8030811366324,0.975661849693952,1.63577507576426,3
12,11,270,1,1,0.879773443063359,26.65,15.5185246127602,0.890853785915565,2.84077132629397,1
12,11,270,0,1,0.694704592695534,45.29,16.0927583893578,0.624066365986227,8.13070332834755,4
13,3,90,1,0,0.784044863506187,55.36,14.5204985432641,0.530177136980196,0.908887076100897,1
13,3,180,0,1,0.669258500821789,79.69,36.2281367784208,0.422553374977215,15.705513937658,4
13,3,270,1,1,0.702221124538845,65.28,20.2573435412762,0.554553437094534,17.4072631346725,2
13,3,270,0,0,0.773660543004894,101.87,17.0463295403486,0.366313975267816,1.28437687887824,3
13,5,0,1,1,0.697334145315037,37.38,17.1035166660544,0.570256080570885,9.07170392860883,2
13,5,90,0,0,0.757319580631862,57.58,15.3963952847807,0.350487868908215,0.654638038679974,3
13,5,180,0,1,0.642608407644084,54.69,22.8046704963243,0.421672055550987,13.6117271671422,4
13,5,270,1,0,0.785239938694178,24.29,14.6683093110806,0.808373261728949,1.45423311902907,1
13,6,90,1,1,0.705301502438459,35.57,15.7981491119837,0.562618150623693,9.36147299090363,2
13,6,270,1,0,0.854201537574249,41.74,15.8516929213882,0.482759395194236,0.500898503019267,1
13,6,270,0,0,0.766725502836137,120.16,18.096466135584,0.26575195471249,0.939014620109597,3
13,7,0,1,0,0.799565133452709,27.76,15.66351571362,0.684157883612963,1.32117181124568,1
13,7,0,1,1,0.696288122453745,32.52,18.2463425942409,0.615471122235744,8.49031410108856,2
13,7,90,0,0,0.759161139193735,48.2,15.1381452576355,0.413134738005636,1.0413149790404,3
13,7,90,0,1,0.673224020036297,83.02,24.7505704165228,0.349506279980173,9.02333071453452,4
13,8,90,0,0,0.801977143717907,40.65,15.1090530245768,0.452483295283629,0.952507472315495,3
13,8,180,1,1,0.688939844936661,29.28,16.2870486232329,0.645023734032961,7.97613834623341,2
13,8,270,1,0,0.802646585800107,38.39,15.2115436476826,0.530407535215291,1.60110368190491,1
13,9,0,0,0,0.771964608128805,63.62,17.1640252537431,0.318882253947415,1.22140496008825,3
13,9,180,1,1,0.660884867419509,36.25,15.531444488444,0.530358912302314,12.1299161523238,2
13,9,270,1,0,0.825936901343613,46.86,15.2561196873677,0.46945670899266,0.850713831846235,1
13,10,0,1,0,0.803964774745712,44.4,15.7028999248336,0.415579332754364,0.869245119265825,1
13,10,180,1,1,0.617602133228962,24.81,18.5636444679797,0.835917254174446,18.56113222809,2
13,10,180,0,0,0.76412540150153,46.77,16.1359881052023,0.412733362314635,1.25760868871994,3
13,11,90,0,0,0.779850069070774,45.5,15.4790507733135,0.538613520072438,1.53914592788568,3
13,11,180,1,1,0.652033044180224,41.17,29.651920990436,0.712689302194488,11.971953333352,2
13,11,270,1,0,0.834446484731612,36.37,14.4612782155956,0.617955345839247,1.00436443657661,1
14,3,90,1,1,0.870295716014083,30.91,15.0871309472479,0.950621784771815,3.30275325909293,1
14,3,180,0,1,0.736616455015123,44.01,40.1981716086966,0.853096412844803,12.1829039305198,4
14,3,270,0,0,0.845387432105974,69.57,18.8465895557541,0.650927781257427,2.67038021975087,2
14,3,270,1,0,0.880318627490969,28.93,15.6126525454308,1.04705762267969,1.71967640694026,3
14,5,0,0,0,0.860626752920367,32.71,17.5249866113684,0.645778403246927,1.06110478361695,2
14,5,90,1,0,0.927661106827543,17.84,15.0003401293623,1.08555240699096,1.27651201442127,3
14,5,180,0,1,0.679948282043882,28.49,24.6063907534128,0.721484141046504,5.66480338366679,4
14,5,270,1,1,0.900935948558652,21.33,14.2295634478883,0.943331375106874,1.69689638418282,1
14,6,90,0,0,0.859786159757225,35.01,15.5813098381706,0.653870535286978,0.717444023558288,2
14,6,180,0,1,0.679692170296965,20.52,16.4752637095837,1.01554199292171,10.123531602264,4
14,6,270,1,1,0.944657316272469,17.05,14.8295780310803,1.16261777462452,1.3557472555662,1
14,6,270,1,0,0.897965658393997,18.62,14.8144745069235,1.04180391528153,1.35712909945537,3
14,7,0,1,1,0.898990244099486,23.75,15.6267950170039,0.812880348028358,2.81074028489936,1
14,7,0,0,0,0.807282893967551,40.79,22.0629688797077,0.575096520687023,1.36645053604539,2
14,7,90,1,0,0.897213931824278,15.19,14.4155916565841,1.21016100285057,3.21939852593222,3
14,8,90,1,0,0.913378252568006,18.61,14.2610698938595,1.01291769229048,1.59455065762709,3
14,8,180,0,0,0.84890625939122,39.47,26.0170252629995,0.709142097543405,1.80647306748265,2
14,8,270,1,1,0.889087662999816,24.82,15.4655207724007,0.838178348424989,4.36809647235741,1
14,8,270,0,1,0.761453951974697,44,18.3223174539307,0.58485527024109,6.44517668679219,4
14,9,0,1,0,0.912826906353898,20.74,16.718585712159,0.929397998512372,1.77144938923715,3
14,9,90,0,1,0.767497009323766,44.35,16.6966357934324,0.471949626096038,3.9943251124064,4
14,9,180,0,0,0.815152746218632,35.08,26.4063015774912,0.773519995837653,1.81851136446961,2
14,9,270,1,1,0.844980194968054,22.16,14.9436997341996,0.910590410376722,1.72049716061905,1
14,10,0,1,1,0.850020264371998,20.84,15.8657054915331,0.942883863172992,2.33258582107663,1
14,10,180,0,0,0.834990611927077,33.17,22.0969836651849,0.742021097898243,1.04414901930456,2
14,10,180,1,0,0.961747671951543,15.43,14.7872305853638,1.19607122810469,3.75951615329524,3
14,10,270,0,1,0.747527426164531,59.36,17.1808507153212,0.484501019671693,5.66302500289265,4
14,11,0,0,1,0.763787891703102,23.44,21.4686407338268,0.974993820709107,8.7928858929467,4
14,11,90,1,0,0.963333241612743,21.94,15.2928792893834,1.09155812895763,2.87575258374723,3
14,11,180,0,0,0.809924277904427,30.02,22.1613069189012,0.784707640860026,1.55779333888828,2
14,11,270,1,1,0.901793362418267,22.53,15.01569867781,1.05020688429997,3.46873864322875,1
15,3,0,0,1,0.782836337640621,40.71,31.4567948065085,0.755107023942159,7.73223758049525,4
15,3,90,1,0,0.898102114589823,26,15.6983928705981,1.11951918786885,2.5646365893903,3
15,3,180,0,0,0.783927658284741,39.41,44.6633630809342,1.00032076630815,3.8414531061313,1
15,3,180,1,1,0.795978197025495,32.78,30.8149115894373,0.910533367791989,6.62181465223324,2
15,5,0,0,1,0.721858580672501,24.18,15.7923088353893,0.808345975793693,6.1809013713322,4
15,5,90,0,0,0.796511303176405,16.68,14.28693456201,1.13841889012476,1.3674712654797,1
15,5,180,1,0,0.806788630378082,22.72,15.4009136722044,0.874881227415971,1.8416795409316,3
15,5,270,1,1,0.708704628586465,46.91,23.2919147278087,0.532993672811598,12.4740683840805,2
15,6,0,0,0,0.808530304112141,19.22,15.8363811857213,0.992143554181113,1.34919683703109,1
15,6,0,1,1,0.812323765840557,20.82,18.2207436968564,0.985220182239063,4.15424326464377,2
15,6,0,1,0,0.896762694402963,19.43,17.4822027735894,1.06442768211535,1.36188687271833,3
15,7,0,1,1,0.776485757018632,23.42,20.7598378830914,0.929215026413639,8.83442990196863,2
15,7,180,1,0,0.882497334955488,16.33,14.2934244320458,1.10748945670239,2.96319946139681,3
15,7,270,0,0,0.799849158338451,22.58,14.8348847434029,1.00305234131327,1.935497598363,1
15,7,270,0,1,0.657480884421308,43.08,43.0253659754535,0.724522269087512,16.2351231945083,4
15,8,0,0,0,0.807265239836414,24.07,20.7788618757872,0.922864030304643,2.12038022532096,1
15,8,0,1,1,0.728551663516721,18.13,15.9124275506196,1.06257073232867,8.07466830447731,2
15,8,180,1,0,0.873890196605484,18.88,15.2965798536718,0.973765680995843,2.29113593226802,3
15,8,270,0,1,0.666592098691265,48.44,21.5324841952576,0.683933850474256,10.9398509093009,4
15,9,0,1,0,0.890211901565407,22.97,17.9403541924784,0.927585781924512,1.54996407174214,3
15,9,90,0,0,0.808712288241349,17.89,14.2998298814825,1.04219639043079,2.50590202743608,1
15,9,90,1,1,0.738648959135446,19.41,16.178698206453,1.04517160283925,8.8015850601666,2
15,10,90,0,0,0.842218587610505,16.81,14.3943233489648,1.13205446405364,2.09857365133747,1
15,10,90,1,0,0.865459732191141,18.62,14.1649850865255,0.992120340670243,1.46349977658804,3
15,10,270,1,1,0.756599917892326,18.86,14.4191132459656,0.955246111715692,6.04836647007035,2
15,11,180,1,1,0.802204648977642,26.47,24.5014594036137,0.955864537318916,5.42379606724521,2
15,11,180,1,0,0.869711582483176,21.04,22.0627863927229,1.11459769385886,2.46770914889154,3
15,11,270,0,0,0.783840092548467,31.71,15.7342388972893,0.960896299165178,2.94098581975596,1
15,11,270,0,1,0.677081423016449,44.09,26.1384497192547,0.684600408362818,16.5780678424444,4
16,3,0,1,0,0.84934016995919,30.06,28.8578842553945,0.943605467771349,1.38799523599845,1
16,3,90,1,1,0.833087918668819,30.29,14.532834020603,0.918319635589415,3.45531141308178,3
16,3,90,0,1,0.705608084022948,42.34,16.0115572325473,0.697481970059588,11.5860380218381,4
16,3,270,0,0,0.780386091997491,64.44,16.4227967516361,0.56856017090424,2.05004036914434,2
16,5,0,1,0,0.925724266244593,19.67,14.0461625727391,0.951846894813224,0.834736384033579,1
16,5,180,1,1,0.776043700224709,17.96,15.1836218031009,1.05290845878379,3.76173874793999,3
16,5,270,0,0,0.841225077130096,58.66,17.9529589132715,0.756557259613993,3.10258320489018,2
16,5,270,0,1,0.757938162560672,27.88,14.5013681537572,0.721845566120881,3.11180948763684,4
16,6,0,1,1,0.876563166126678,22.98,14.2637860048654,0.831929225370715,1.1429407081393,3
16,6,90,0,0,0.861451225636558,17.37,14.4890995752126,1.10560798301135,1.53279240297395,2
16,6,180,0,1,0.605436380220378,35.3,17.9064332083796,0.604359533532412,14.0206576100225,4
16,6,270,1,0,0.821643795902243,15.83,14.2456781763248,1.19959730352642,1.64322858152889,1
16,7,0,0,0,0.797753062661279,20.03,16.3085723421145,0.962142700224205,1.8103795125312,2
16,7,180,1,1,0.814745274842132,18.11,15.0376511466247,0.990212970063716,3.48249318947767,3
16,7,270,1,0,0.891331933194024,18.01,14.6500604756161,0.996024946612761,2.08903456887311,1
16,8,0,1,0,0.819090452787407,16.43,14.6963105466988,1.04991421562645,2.09091353259049,1
16,8,0,0,0,0.832105496293486,33.66,18.6284825797361,0.622202066681551,0.837217232348809,2
16,8,90,1,1,0.793871234674113,16.2,14.3675027897043,1.1130621621999,4.48399615376655,3
16,8,90,0,1,0.740675071789031,32.35,15.9922989430067,0.645681746746331,5.55099455565178,4
16,9,0,0,0,0.786060928607317,15.31,15.4567385879782,1.18268114097425,2.40501177054997,2
16,9,90,1,0,0.869471969866147,23.07,14.8858620041064,0.856555095122227,1.43551612767019,1
16,9,180,1,1,0.77583777936925,15.99,14.7793441459492,1.1106403645058,4.94343678848788,3
16,9,270,0,1,0.720579274847899,37.07,15.8343034132813,0.578352328377357,6.71047410721154,4
16,10,0,1,0,0.894504492508758,20.72,14.7092258445207,0.90223148802687,1.56056566916379,1
16,10,0,1,1,0.874043522894145,27.25,14.4143604201487,0.687207344751031,2.50974685796169,3
16,10,180,0,0,0.817290652134963,21.37,15.018998962139,0.878592495115209,1.64083331911519,2
16,10,180,0,1,0.706690035613106,29.19,15.6341917743386,0.685172738017306,8.43963654999117,4
16,11,0,1,0,0.872761719650254,33.07,20.9150991656132,0.706059123676185,1.05000985085576,1
16,11,0,0,0,0.853157688823764,29.7,23.1192701383458,0.812628561596985,1.36797127599036,2
16,11,180,1,1,0.857319826412281,23.27,22.2213125426744,0.989397947394719,4.32190239632943,3
16,11,180,0,1,0.695718046018676,30.01,21.8439268886529,0.782663673776862,7.51171856766834,4
17,3,0,0,0,0.742259237584247,36.58,36.4730074131955,0.920227140863424,5.17758591481316,1
17,3,0,1,0,0.800771456730154,31.02,29.7852100357178,0.946813500873159,2.15675665967471,2
17,3,90,0,1,0.77955374566444,51.76,15.6242293740624,0.568498734625859,9.43563915662917,4
17,3,270,1,1,0.836961104108526,55.34,14.1330734710236,0.523411041454354,0.908050886742653,3
17,5,0,1,1,0.806140450340344,28.82,14.7692396955586,0.671407368783995,1.79823940636785,3
17,5,180,1,0,0.899794361032507,36.81,15.9401559518054,0.541488790928341,0.391000546667191,2
17,5,270,0,1,0.711524186622363,84.39,19.5054305621173,0.392605226641392,4.72223519417138,4
17,6,0,0,0,0.787967222107209,19.17,14.4272234751691,1.00286075641364,1.69350118013601,1
17,6,90,1,0,0.8860793970244,23.18,14.5458184416998,0.907135889246823,1.06550288967854,2
17,6,90,1,1,0.85658700005961,24.23,15.0745469030556,0.840284991657712,1.94197076956161,3
17,6,270,0,1,0.709007064617522,55.59,15.9008232538134,0.353021504690579,6.67648084392873,4
17,7,0,0,0,0.767883948812239,35.44,22.7643368466321,0.695892826144796,2.12282794874278,1
17,7,90,0,1,0.719604265390191,47.4,16.1167362211164,0.443693602501702,5.34801658258733,4
17,7,180,1,0,0.875309757774977,48.29,14.5880435399669,0.366223699272515,0.40531606437651,2
17,7,180,1,1,0.863165030302692,35.84,14.3107762105708,0.49888206973452,0.82992619435163,3
17,8,0,0,0,0.759252714386452,35.18,22.9591954799159,0.681817308783364,2.24520410253475,1
17,8,0,1,1,0.8964414688581,25.62,14.4006707087061,0.73180423249458,1.05187793086237,3
17,8,0,0,1,0.725723408841866,67.54,20.6021904306905,0.373645238034701,8.51137457588362,4
17,8,90,1,0,0.894842812569018,35.39,14.6568253270855,0.530467930514758,0.542709670629666,2
17,9,90,0,0,0.834687734486918,34.65,14.7417233154654,0.540490936756678,1.16007624946832,1
17,9,90,1,0,0.87462816442242,34.28,14.7810521093665,0.573700925165349,0.911419466701938,2
17,9,90,1,1,0.881436567461522,34.69,15.0097429314886,0.534834536790242,1.03417185302293,3
17,9,270,0,1,0.729050820025188,82.85,20.7274977928939,0.333738155208833,6.3740219505109,4
17,10,0,0,1,0.731140821338847,42.7,14.7370522885244,0.456784225591656,6.5632864808784,4
17,10,90,1,0,0.894059356954008,22.77,14.2321414544883,0.891614254539533,1.94691615757467,2
17,10,270,0,0,0.815940196623123,42.26,14.2443146046072,0.462949702188294,0.515129459231692,1
17,11,0,0,0,0.765249258252914,35.93,23.9575991906503,0.684351276255831,2.66915718230516,1
17,11,180,1,0,0.83757224691606,43.95,21.0597404788817,0.51346899300967,0.518188087142028,2
17,11,180,1,1,0.862263593886323,45.38,21.8512165095905,0.518582192783498,1.21166838271007,3
17,11,270,0,1,0.765470860739678,57.77,17.2132598747706,0.44102439466428,8.98186615811713,4
18,3,90,0,1,0.58054651283223,84.01,25.1422567320954,0.504475249108009,26.1670310890569,1
18,3,180,1,1,0.71392035881234,67.15,32.1435314341887,0.44719423841038,10.572072717877,4
18,3,270,1,0,0.875841554933882,41.83,17.1529323499902,0.674659925512996,1.83461738468035,2
18,3,270,0,0,0.806961759486849,60.03,20.6273619730427,0.691965417411473,1.76708718141052,3
18,5,0,1,0,0.798286955378549,17.77,16.3793909683856,1.1093640850404,2.5993598142856,2
18,5,90,0,0,0.794569954344632,32.03,14.3219389259635,0.592527515809102,0.510752495987262,3
18,5,180,1,1,0.882292416923447,34.28,15.1892254328558,0.568238514908982,1.21976497865575,4
18,5,270,0,1,0.622241051192611,65.48,21.7169282711557,0.563202542960325,12.949373565983,1
18,6,90,1,0,0.819752171123208,29.88,14.3723068380529,0.676187457053235,1.27966467231501,2
18,6,180,1,1,0.787899671725268,28.69,15.8325228640529,0.67828510885411,5.94232810076825,4
18,6,270,0,0,0.824940180766369,23.57,15.8525919208342,0.882199525755617,1.41646240722619,3
18,7,0,1,0,0.822144620344339,21.96,16.77663890258,0.868230469807878,2.90756863422685,2
18,7,90,0,0,0.794459862312032,23.27,14.4560465586771,0.792107425272197,2.05957603090781,3
18,7,90,1,1,0.721334205303431,28.51,14.787113321047,0.671541234154446,6.50640255525361,4
18,8,90,0,0,0.785159911169139,49.76,16.8134887238374,0.533039278378338,2.07223786091996,3
18,8,180,1,0,0.863466346087547,36.66,15.8860905216851,0.516300799779806,1.27990518046808,2
18,8,270,0,1,0.581338722578281,71.68,46.5759950172051,0.590378250044403,20.8458114269893,1
18,9,0,0,0,0.769251281487728,32.69,31.0318457646532,0.894891712452948,2.89215015760981,3
18,9,90,1,1,0.784076566362994,28.46,14.8049435045289,0.689861798568979,5.56576962439591,4
18,9,180,1,0,0.851376485483135,30.03,14.8405620749471,0.603479003945347,1.01166569714574,2
18,10,0,0,1,0.666788779024754,34.69,26.0513520794245,0.570295262981426,12.7823670643758,1
18,10,180,1,0,0.861319933123441,31.14,14.4010271842152,0.554894526792368,0.635356351433704,2
18,10,180,0,0,0.849862409702276,60.51,37.2936514531631,0.567943151740892,1.74401423710048,3
18,10,270,1,1,0.853576516499747,33.37,14.7802479232223,0.577255083847728,4.03038246116874,4
18,11,90,0,0,1.28919523870328,5,1.97401887722842,0.467001649421103,0.128718497569022,3
18,11,180,1,0,0.846506673593209,53.2,22.369059124193,0.439767441786678,1.42983850934834,2
18,11,270,0,1,0.726848404744606,88.14,23.088764836012,0.361422440492475,8.21378068111396,1
19,3,90,1,0,0.79942647079925,23.34,14.3444039000815,1.16776624117633,2.5193372626172,1
19,3,180,1,1,0.700961325599459,23.16,29.1508467579431,1.20482955338449,15.1138396192497,4
19,3,270,0,0,0.77205735678684,31.33,14.9884124482607,1.02136862860236,2.52365429787112,3
19,5,0,0,1,0.723726412753471,28.66,18.917643662007,0.749813729693815,8.07404789016901,2
19,5,90,0,0,0.788420800949797,27.64,14.6234113625263,0.765509261712351,1.2962257243148,3
19,5,180,1,1,0.746474627383031,17.33,16.5840344346592,1.11472564075364,7.28599498596958,4
19,5,270,1,0,0.888441791302268,16.16,14.6444285173758,1.15410750760278,1.11782059258117,1
19,6,180,1,1,0.725949106848392,15.24,15.8852885878707,1.25567023636884,10.3288086702838,4
19,6,270,1,0,0.84000852070173,15.5,14.2897834703926,1.23406873620594,1.8462311257108,1
19,6,270,0,0,0.779016714785313,18.97,14.4631679783801,1.05509687390779,2.1244165094821,3
19,7,0,1,0,0.838564861010769,14.56,14.4907027227403,1.2193755591945,3.3228322849778,1
19,7,90,0,0,0.793569593913206,20.99,14.7783811524598,1.10001156269395,3.34502210379129,3
19,7,90,1,1,0.780775774464982,15.66,14.4359616912426,1.14854693318313,5.45972709274353,4
19,8,90,0,0,0.789916458668066,20.91,14.4645263317368,0.973329779119527,2.04239431014564,3
19,8,270,1,0,0.822958755525817,15.02,14.1328533059382,1.15425355327203,2.94651314354934,1
19,8,270,1,1,0.852423915392888,15.18,14.6168152388702,1.19683450561388,5.16514928821549,4
19,9,90,1,1,0.781916109486396,13.19,14.6059189496561,1.34887465217828,6.91695589590251,4
19,9,180,0,1,0.677944919937233,38.21,20.6485287175331,0.598693473729893,10.1603299443144,2
19,9,270,1,0,0.798824555391076,17.87,14.4375095736845,1.07314242583926,2.4600627097947,1
19,10,0,1,0,0.819889120306302,13.3,15.1818197899567,1.37688057389967,3.52393458204359,1
19,10,180,0,0,0.787701167230866,20.68,15.6693392087621,0.919357602656774,2.34461546573784,3
19,10,270,1,1,0.761990932835922,15.63,14.4793603979875,1.14052503545267,5.64117450977079,4
19,11,0,1,1,0.708005722279355,17.93,21.3788519295145,1.27813186098131,9.91315715338865,4
19,11,90,0,0,0.783588898391226,29.15,15.3838197520252,0.981963715028707,2.56454259497607,3
19,11,270,1,0,0.874430253331466,18.13,14.6670594571728,1.24306180867113,2.677700340225,1
20,3,0,1,1,0.846657945493659,32.17,28.6631814554656,0.871530140711171,3.83353881445375,4
20,3,90,1,0,0.866153951069619,33.67,14.8772499399368,0.834381290504097,1.62076483273655,3
20,3,180,0,1,0.654970659094876,88.09,32.2962381552007,0.353623676426992,13.9631434331365,1
20,3,180,0,0,0.824430440128244,83.92,29.352939648944,0.343586181432983,0.123987929095298,2
20,5,0,1,1,0.846150720325965,18.18,15.4275306148523,1.03849401493999,1.62608581392941,4
20,5,90,0,1,0.738035420135889,58.29,19.9841477555989,0.344642173786599,5.97765674201847,1
20,5,180,1,0,0.846839302843885,16.94,14.4814535355834,1.1055003677171,1.49675811885057,3
20,5,270,0,0,0.836295947500529,27.63,14.2031119211839,0.705133112861656,0.707283911567016,2
20,6,0,0,1,0.819866846448112,44.9,16.3795062181362,0.461845080366896,2.67791650234448,1
20,6,0,0,0,0.828070069950505,51.1,15.3334440962407,0.380761177560036,0.218873416315661,2
20,6,0,1,0,0.914040242684675,24.38,15.1773188633912,0.776216434644597,0.737582544450848,3
20,6,270,1,1,0.957318593879181,21.3,14.4593438129854,0.88818489477735,0.747711415395633,4
20,7,0,0,0,0.822402422894918,67.68,17.2534614709136,0.297337653812646,0.440836948883361,2
20,7,180,1,0,0.870966141993169,20.98,15.1938824035485,0.859435638401181,1.8257258456639,3
20,7,270,0,1,0.706096196408214,52.01,15.7294671737175,0.404935843011517,8.00627959998659,1
20,7,270,1,1,0.778449829226282,21.39,16.0912938081722,0.905589762510437,4.10353286455754,4
20,8,0,0,1,0.827972757750829,44.83,15.2709165446699,0.417399897569436,3.01765513950299,1
20,8,0,0,0,0.842690037660498,49.35,14.9960580293924,0.385933671604935,0.531110928248189,2
20,8,180,1,0,0.932948175118264,20.01,15.1428087893033,0.926124564334666,1.87275937949765,3
20,8,270,1,1,0.902679105860394,21.13,14.8348503956788,0.873592090027812,2.26559147815404,4
20,9,0,1,0,0.844475061988197,19.5,14.1818861414455,0.906072512968081,1.53537066444542,3
20,9,90,0,1,0.831570157916217,49.46,15.244840781635,0.377403521965512,3.01454578847881,1
20,9,90,0,0,0.843021824759976,70.42,16.2151333646716,0.28441012806387,0.11214106551467,2
20,9,90,1,1,0.771529445917197,19.74,14.5094337907049,0.9073600696779,4.47317755814805,4
20,10,0,1,1,0.868900319520226,19.2,14.7388548334511,0.916759485942587,1.96867961893105,4
20,10,90,0,1,0.754861056336444,75.58,20.0604834326805,0.328871972446446,6.71986412844506,1
20,10,270,0,0,0.793031739952308,27.13,14.3006307009375,0.654194629028871,1.07854907992705,2
20,11,180,0,0,0.776884577493396,50.92,23.7660191737744,0.495685422885365,0.957516370343347,2
20,11,180,1,0,0.838371735343902,20.16,21.6481848287501,1.11904802577142,3.10472318176871,3
20,11,270,0,1,0.835906035266191,61.02,14.3133178517419,0.412485195631932,2.72608028597486,1
20,11,270,1,1,0.891554486074887,30.34,15.4448364013971,0.774976069154927,1.28506314750307,4
21,3,0,0,0,0.820017736603215,82.01,29.5045831794749,0.357182229578384,0.560012925680333,1
21,3,0,1,0,0.84762927703898,29.11,30.5428232796818,0.993878951246487,1.87591527949889,3
21,3,0,1,1,0.749364642116635,35.92,30.2187027285844,0.827745474115418,7.7627497336467,4
21,3,90,0,1,0.75303195241719,77.59,17.1837690263117,0.408384509467303,5.54862501712582,2
21,5,90,0,0,0.794337455438605,29.85,14.3783572925677,0.631067916584133,0.581464914141461,1
21,5,90,1,0,0.871149651731524,19.08,14.9084885794567,1.00175523476593,1.50141755773912,3
21,5,270,0,1,0.602987359440612,33.42,17.540659996517,0.706570463161087,16.4882919856394,2
21,5,270,1,1,0.803565695707622,24.8,15.2603061400902,0.776849376898329,3.34416680143865,4
21,6,0,1,0,0.896197472366075,16.48,14.6915302656589,1.15957540471142,1.20192413958597,3
21,6,90,0,1,0.735086424717753,40.15,14.7031840709345,0.48811673750047,4.12900723913055,2
21,6,180,0,0,0.772673602925431,30.64,15.1110839889551,0.63716530827923,1.21293434207997,1
21,6,270,1,1,0.875363587340634,19.57,14.728709008462,1.00560115312227,2.67071956526753,4
21,7,90,0,1,0.625769928182395,59.85,19.2753363945483,0.423769873455696,12.3179628980847,2
21,7,90,1,1,0.851754242038782,20.57,14.8717225508711,0.878292969061305,2.02825445657786,4
21,7,180,0,0,0.819689594677988,31.24,15.4390742838234,0.624222643399837,0.900135717812511,1
21,7,270,1,0,0.848791900091718,19.99,14.1983286886259,0.888188478713015,1.86578693152083,3
21,8,90,0,1,0.735930528080223,43.66,22.3119212047485,0.447003675873479,4.21072975308878,2
21,8,180,0,0,0.802519385547055,40.56,15.7688965944617,0.484942430922443,0.515732091987948,1
21,8,180,1,0,0.904045831812515,15.09,14.996767633067,1.19616244642836,3.36569324605184,3
21,8,180,1,1,0.840145604446274,18.48,15.0963221475068,0.995664999926593,3.23332062813674,4
21,9,0,1,0,0.833515043256841,24.81,14.8340246385987,0.742564250690702,1.57607338895404,3
21,9,0,1,1,0.829102652454767,21.64,15.9874230422585,0.872981991749714,3.59747049022792,4
21,9,270,0,0,0.784324658074805,25.64,14.4978955380843,0.716749865011198,1.18402535629441,1
21,9,270,0,1,0.792730109556891,29.04,14.2992020682161,0.589046136219497,2.35065709928861,2
21,10,0,0,1,0.688265412477844,28.32,14.53139351817,0.626971816670192,7.20197185342846,2
21,10,0,1,0,0.843539109387019,19.4,14.759626240257,0.927388363234861,1.39435580107728,3
21,10,180,0,0,0.762135514082388,35.73,14.279970332195,0.517926878525165,1.31456891777161,1
21,10,270,1,1,0.74583619487474,17.67,14.3561763929556,1.03907149302671,6.02084956603401,4
21,11,0,1,0,0.85410807624743,27.66,21.2848835488291,0.843380024848131,1.33762473234057,3
21,11,180,1,1,0.743416653792025,22.55,22.4410025048338,1.05540299732211,8.68778351536196,4
21,11,270,0,0,0.805161361617241,36.15,14.1301627995137,0.670555856854272,0.674230828190894,1
21,11,270,0,1,0.685058629711533,40.65,17.7742902657102,0.612700463062782,9.56009000431763,2
22,3,90,1,0,0.827360163757606,32.46,14.408215173389,0.869521738414426,1.94618005176508,1
22,3,180,1,1,0.841460822020901,34.88,30.0978879519679,0.83332099428443,3.05974160964968,4
22,3,270,0,0,0.746548743310139,57.76,16.2309573317357,0.620191281794123,2.44246409135535,2
22,5,0,0,0,0.756196798557212,46.6,18.5099880850634,0.443491438594545,1.48635485669741,2
22,5,90,0,1,0.678768556080655,42.36,15.2742212873431,0.526358661326746,10.9125148940692,3
22,5,180,1,1,0.787387640926947,22.75,14.8467690919899,0.830914458970951,1.73169389615282,4
22,5,270,1,0,0.853224056487774,23.79,15.1324135587448,0.786635250583787,0.613639821518928,1
22,6,90,0,0,0.779831788253746,25.02,14.6736479166334,0.794049478306236,1.61317218242171,2
22,6,180,1,1,0.788418867804741,21.4,15.4121380265673,0.91385117292467,2.76998245263753,4
22,6,270,1,0,0.784281105592261,30.72,14.4845730005689,0.659799102520952,1.02411115294963,1
22,6,270,0,1,0.689214199909558,54.73,22.4160646714999,0.542069811458074,9.00712188249833,3
22,7,0,1,0,0.814427020079683,22.36,15.6882820889775,0.832373742447685,1.44576039766261,1
22,7,0,0,0,0.730642827213172,65.77,24.7232817421991,0.372777618542502,2.0965933594887,2
22,7,90,0,1,0.723882553960339,35.76,16.5275068196155,0.540492346229249,6.95910246685544,3
22,7,90,1,1,0.727569185281511,21.12,14.7666197833723,0.895404573145913,8.05759096517413,4
22,8,90,0,1,0.687441414443879,36.07,14.9324918627155,0.502790808061855,7.88969163386918,3
22,8,180,0,0,0.742915699362274,53.54,17.8078872819943,0.377789145969561,1.69629890218422,2
22,8,270,1,0,0.821454684728015,19.67,14.3692437239644,0.936542955389569,1.9990504027173,1
22,8,270,1,1,0.793402521421219,22.08,14.5319267940251,0.827632525681396,3.01073977884789,4
22,9,0,0,1,0.726160521980641,72.68,24.4710157212375,0.339734544763347,6.94173227935912,3
22,9,90,1,1,0.773903956541951,26.76,15.6068432437609,0.733840557506767,5.81291514263691,4
22,9,180,0,0,0.74397995957071,73.29,17.9766881901103,0.284088786631884,1.36053363429402,2
22,9,270,1,0,0.883805159861328,45.44,14.2949448943114,0.408155735469595,0.464252572359604,1
22,10,0,1,0,0.808883390014448,22.35,15.200884464345,0.826861401697092,1.41073928760862,1
22,10,180,0,0,0.776160366128448,31.51,16.9261188045548,0.61891430430744,1.43609608429231,2
22,10,180,0,1,0.703281500178202,31.2,17.0125576695944,0.638404400798567,9.70696452791256,3
22,10,270,1,1,0.745995079927628,32.08,16.6043092141515,0.5617628024857,6.97868254162875,4
22,11,0,1,1,0.789834771145506,34.33,24.027297773633,0.729423536585218,6.71202472528698,4
22,11,90,0,1,0.687883897948413,49.34,15.5940302344454,0.515944044509455,11.2552222168881,3
22,11,180,0,0,0.745853263566403,50.17,24.373048823499,0.500277100909687,2.26621021587167,2
22,11,270,1,0,0.819923226513648,28.47,14.5167469103511,0.819515893941092,1.76430920084813,1
23,3,0,1,1,0.79631266208744,46.67,28.5995015840897,0.590329882419796,3.23102032869225,4
23,3,90,0,1,0.797807729015519,42.07,17.8939028345631,0.697310306477253,5.19810218331559,3
23,3,180,0,0,0.744361507390783,68.72,32.5265145308829,0.45181601411416,2.61739484790275,1
23,3,180,1,0,0.800149189587969,39.86,28.2491749259984,0.694013640406192,1.42747683771954,2
23,5,0,1,1,0.838517043231316,32.37,14.9485937685179,0.576255490826943,1.08202533169059,4
23,5,90,0,0,0.775628521228324,59.99,16.3718291921456,0.413578657944974,1.06591295523767,1
23,5,180,0,1,0.62924392086657,35.92,17.6255239155656,0.590664510302794,9.39996097145414,3
23,5,270,1,0,0.895243820308095,32.45,14.1339681986096,0.576164497592997,0.45263159626236,2
23,6,0,0,0,0.764387738888124,45.78,17.9740560336435,0.453229233404442,0.797548564915366,1
23,6,0,1,0,0.84139589143999,27.78,14.236030418637,0.698510361766304,0.535475746435932,2
23,6,0,0,1,0.67908450784351,36.67,17.6965368422903,0.549155588999625,10.9613387958137,3
23,6,270,1,1,0.819648758299257,25.75,14.6086179887055,0.740151872309488,1.84564166527531,4
23,7,0,1,0,0.819020509615163,35.5,14.8749929176267,0.516872322365055,0.773036593776151,2
23,7,180,0,1,0.683939482954263,36.65,18.5013623509912,0.597931997273199,11.5685209186966,3
23,7,270,1,1,0.808464140970747,25.77,15.5237550939697,0.746989759419669,2.50754080594813,4
23,8,0,0,0,0.776405236971801,5,0.815033144262086,0.423781719385297,0.0868352499992994,1
23,8,0,1,0,0.819269256603965,40.37,15.547394548405,0.432005388927126,0.647994074552892,2
23,8,270,1,1,0.838937493404429,28.6,15.2608340713962,0.640191976764948,1.70176527841677,4
23,9,0,0,1,0.655017371865539,43.89,23.3153252292617,0.443639031839086,9.51695209770497,3
23,9,90,0,0,0.792020876283058,50.69,16.0984263502624,0.541632547912028,1.36007416827286,1
23,9,90,1,0,0.781876150156335,42.31,15.0280563712297,0.472728155263617,0.901087253748233,2
23,9,90,1,1,0.865305324800771,31.43,16.0751404423097,0.605989559405812,1.57060530028832,4
23,10,0,1,1,0.756847370220654,33.09,16.0790739972138,0.574667768513117,3.87649702157285,4
23,10,90,0,0,0.809059952234857,39.56,15.0936549338428,0.577722270204506,1.09968143149176,1
23,10,90,0,1,0.680251671433222,28.58,15.5082434795147,0.712704201229464,12.6929021291963,3
23,10,270,1,0,0.917098852891574,24.98,14.1269240497332,0.736123314067317,1.10059557384624,2
23,11,180,1,0,0.855264482052643,32.15,20.255112040657,0.694785930655086,0.94636689376424,2
23,11,180,0,1,0.622930020336855,41.19,24.7412796270724,0.629810230562775,14.8458238057697,3
23,11,270,0,0,0.795609481244428,53.21,16.4001042423089,0.546967156535533,1.21364784122207,1
23,11,270,1,1,0.870223355551695,35.32,15.7077071862429,0.652083556948887,1.31190994613629,4
24,3,90,1,1,0.733413370611487,52.92,21.0885796345148,0.544909013788822,9.02755242240803,1
24,3,180,0,0,0.763352279062771,70.82,31.7337754712491,0.430775604408243,1.51312930135201,4
24,3,270,1,0,0.895647879940535,38.38,14.1314167219948,0.716718449685517,0.953277904465192,3
24,5,0,0,1,0.739159307201256,87.27,25.7041033104169,0.345970842404089,8.75838624654643,2
24,5,90,1,0,0.80856432650651,31.39,14.1783689951146,0.616441268293366,0.518331875263563,3
24,5,180,0,0,0.829481023021207,41.47,19.1570534143196,0.523499693032494,0.693345084468248,4
24,5,270,1,1,0.740038334395967,34.98,15.4724984187402,0.573515063733492,6.35092217034865,1
24,6,90,0,1,0.726794714196893,49.13,17.6575507808775,0.428376776522277,7.07186024930607,2
24,6,180,0,0,0.76613312598465,28.84,15.9275877108114,0.685772202088301,1.55387438982509,4
24,6,270,1,1,0.760027057004444,28.19,14.4325347865367,0.709447698378206,5.16734243353743,1
24,6,270,1,0,0.877712584090953,29.86,14.3999779585372,0.642337223306662,0.651625744623944,3
24,7,0,1,1,0.840902074288136,36.62,15.605216359011,0.50384701791223,1.84249386502475,1
24,7,0,0,1,0.737293280914995,120.74,37.8846664552605,0.309693327063017,7.20238958427834,2
24,7,90,1,0,0.850270969002473,31.96,14.135973041117,0.541061613802175,0.535110750743445,3
24,7,90,0,0,0.803299146247133,58.07,14.3560221137986,0.382361321690564,0.431505964890951,4
24,8,90,1,0,0.837631229960424,30.7,14.1433702583343,0.591497027554578,0.786215607226018,3
24,8,270,1,1,0.717965433175925,49.18,19.7560575324369,0.514018111469917,5.52830497494409,1
24,8,270,0,0,0.807132506376723,31.85,14.5354246836982,0.560840155012488,0.841284030419034,4
24,9,0,1,0,0.813290626803465,43.63,14.5722163427615,0.406829058629578,0.348248569302776,3
24,9,90,0,0,0.831874409583147,58.05,15.6479032302967,0.417694386905155,0.580966785247027,4
24,9,270,1,1,0.81587874385387,9.78,3.27734401960854,0.258154424196501,0.623312029165532,1
24,10,0,1,1,0.806974750744456,36.32,14.5066930635633,0.52188906258786,2.1590995646325,1
24,10,180,1,0,0.819400981460104,25.72,14.3960192224326,0.687983129363352,1.27373102742631,3
24,10,270,0,0,0.795415311270959,41.1,15.09426687122,0.516815798077663,0.824658470929954,4
24,11,0,0,0,0.773961457661141,75.11,25.653105703944,0.394635573598184,1.31666280840763,4
24,11,90,1,0,0.880819991765486,54.18,14.8306174840349,0.426663812740311,0.421885976522075,3
24,11,270,1,1,0.847339782819578,42.11,14.5627009521425,0.541742465579698,2.1941944839611,1
